Date,AAPL,AMZN,BAC,CVX,DIS,GOOGL,GS,HD,JPM,KO,LOW,MA,META,MSFT,NFLX,NVDA,PEP,V,WFC,XOM
2022-01-03,177.939697265625,170.4044952392578,41.4797477722168,99.5871810913086,153.15330505371094,143.802978515625,353.78643798828125,366.8866882324219,144.1916046142578,52.26767349243164,234.20436096191406,361.1985778808594,335.90399169921875,322.46234130859375,59.73699951171875,30.061140060424805,151.24041748046875,213.97042846679688,45.34504699707031,54.391048431396484
2022-01-04,175.681396484375,167.52200317382812,43.105533599853516,101.3991928100586,152.1470184326172,143.2158203125,364.6596984863281,370.6576232910156,149.6578369140625,53.1402587890625,238.1457977294922,365.52178955078125,333.90966796875,316.93304443359375,59.1150016784668,29.23179054260254,151.45895385742188,214.96571350097656,47.1506233215332,56.43693542480469
2022-01-05,171.00828552246094,164.35699462890625,42.37797546386719,102.05888366699219,151.61947631835938,136.64561462402344,356.7396240234375,365.6297302246094,146.9217987060547,53.58097457885742,233.50770568847656,364.0708923339844,321.6459045410156,304.7666931152344,56.75199890136719,27.54914093017578,151.974853515625,212.58856201171875,46.73945617675781,57.13886260986328
2022-01-06,168.15359497070312,163.25399780273438,43.23127365112305,102.9273452758789,153.2901153564453,136.61834716796875,355.2182922363281,364.301025390625,148.48269653320312,53.298919677734375,236.29421997070312,360.7461853027344,329.871337890625,302.35845947265625,55.32899856567383,28.121999740600586,152.0098114013672,212.3470001220703,47.93721389770508,58.48281478881836
2022-01-07,168.3197784423828,162.5540008544922,44.17440414428711,104.40535736083984,154.19873046875,135.8938446044922,355.73736572265625,353.3924255371094,149.95387268066406,53.17552947998047,230.1529083251953,360.4049377441406,329.20654296875,302.5125732421875,54.10599899291992,27.19285011291504,152.20217895507812,209.6510009765625,48.95620346069336,58.962158203125
2022-01-10,168.33935546875,161.48599243164062,43.94984817504883,104.47216796875,152.9970245361328,137.53277587890625,357.22296142578125,347.8708190917969,150.09739685058594,53.2636604309082,227.0364227294922,354.8084716796875,325.5155334472656,302.73406982421875,53.98500061035156,27.34554672241211,152.28086853027344,204.82911682128906,49.47463607788086,58.6112060546875
2022-01-11,171.16470336914062,165.36199951171875,44.20134735107422,106.86041259765625,154.25733947753906,138.59056091308594,360.6952209472656,347.1614990234375,150.24990844726562,53.28129196166992,228.6954803466797,357.1289978027344,331.7664489746094,303.41802978515625,54.08399963378906,27.76171875,152.21092224121094,207.1579132080078,50.109283447265625,61.076507568359375
2022-01-12,171.60464477539062,165.20700073242188,43.88697814941406,106.32597351074219,154.16940307617188,140.2711181640625,349.2940368652344,349.61248779296875,151.10214233398438,53.36061096191406,229.81373596191406,358.1235046386719,330.6651306152344,306.5873718261719,53.72200012207031,27.943355560302734,152.04478454589844,208.44313049316406,50.413177490234375,60.89674758911133
2022-01-13,168.33935546875,161.21400451660156,43.797157287597656,105.8833999633789,151.86370849609375,137.4509735107422,349.73248291015625,347.43994140625,150.91371154785156,53.67793273925781,229.79542541503906,360.27813720703125,323.93792724609375,293.6117248535156,51.91999816894531,26.522188186645508,152.2895965576172,207.75701904296875,50.05563735961914,60.46018600463867
2022-01-14,169.19961547851562,162.13800048828125,43.03367614746094,107.68709564208984,148.44422912597656,138.337158203125,340.90869140625,333.9903869628906,141.63804626464844,54.10981750488281,223.10415649414062,362.8326721191406,329.315673828125,298.8135681152344,52.569000244140625,26.888458251953125,153.56607055664062,207.4381561279297,51.896976470947266,61.52164077758789
2022-01-18,166.0027618408203,158.91749572753906,41.55160903930664,108.03781127929688,148.7666473388672,134.88320922851562,317.1576232910156,329.2499084472656,135.69949340820312,53.67793273925781,219.25086975097656,357.13873291015625,315.6727600097656,291.5406799316406,51.08000183105469,25.851520538330078,152.09727478027344,208.44313049316406,50.672393798828125,62.55741500854492
2022-01-19,162.5126190185547,156.2989959716797,41.713287353515625,107.64533996582031,146.6563262939453,134.00892639160156,310.8216857910156,322.9382629394531,133.60031127929688,53.766056060791016,215.8389892578125,351.7080383300781,317.1015625,292.1957092285156,51.58599853515625,25.017181396484375,153.1901397705078,207.44778442382812,49.67127990722656,62.58312225341797
2022-01-20,160.83103942871094,151.66749572753906,41.093505859375,107.2612075805664,144.22361755371094,132.2147216796875,311.5196533203125,313.8611755371094,132.46104431152344,53.54570770263672,205.9344940185547,354.8962707519531,314.0951843261719,290.5291748046875,50.82500076293945,24.10200309753418,152.07977294921875,207.12893676757812,49.16179656982422,62.720062255859375
2022-01-21,158.77804565429688,142.64300537109375,40.347999572753906,105.9752426147461,134.21922302246094,129.28298950195312,307.76995849609375,313.4302978515625,130.1466064453125,53.28129196166992,206.9369354248047,346.1993103027344,300.8094177246094,285.1636962890625,39.75,23.327547073364258,152.32456970214844,198.9925994873047,47.972965240478516,61.778446197509766
2022-01-24,158.00572204589844,144.54400634765625,40.015647888183594,106.20071411132812,134.29739379882812,129.73179626464844,307.30462646484375,326.63726806640625,130.02999877929688,52.84939193725586,213.67788696289062,340.68084716796875,306.3062744140625,285.49114990234375,38.71500015258789,23.32554817199707,151.54641723632812,195.05003356933594,47.66012191772461,62.30918884277344
2022-01-25,156.20684814453125,139.98599243164062,40.80608367919922,110.71827697753906,133.36923217773438,125.89449310302734,305.6579284667969,322.30078125,131.44735717773438,52.72599411010742,211.52590942382812,330.2874755859375,297.8128967285156,277.9004211425781,36.641998291015625,22.279638290405273,149.8065185546875,195.19497680664062,47.90147018432617,64.14104461669922
2022-01-26,156.11886596679688,138.87249755859375,41.228248596191406,110.80179595947266,130.5261993408203,128.1736297607422,306.6692199707031,320.77447509765625,132.6942596435547,52.53208923339844,209.7694091796875,336.0399475097656,292.3359069824219,285.81866455078125,35.970001220703125,22.72674560546875,148.2239990234375,198.93460083007812,48.39308166503906,63.4904670715332
2022-01-27,155.6593780517578,139.6374969482422,40.842002868652344,113.03968811035156,132.3043212890625,127.94751739501953,305.1926574707031,320.0113220214844,130.35292053222656,52.5761604309082,207.77378845214844,341.76312255859375,292.3458557128906,288.8337707519531,38.66999816894531,21.900388717651367,148.0841064453125,199.20516967773438,48.053409576416016,64.30367279052734
2022-01-28,166.5209197998047,143.97799682617188,41.201297760009766,109.06491088867188,135.44044494628906,132.25790405273438,310.5442199707031,329.08831787109375,131.51913452148438,53.62503433227539,216.10569763183594,372.943359375,299.36077880859375,296.94476318359375,38.43600082397461,22.794614791870117,150.96939086914062,220.31910705566406,48.43777084350586,64.4406509399414
2022-01-31,170.87142944335938,149.57350158691406,41.44382095336914,109.6661376953125,139.6806182861328,134.1943817138672,317.4081726074219,329.4833679199219,133.30430603027344,53.77487564086914,218.2760467529297,376.716552734375,310.82086181640625,299.56494140625,42.7140007019043,24.437334060668945,151.7125701904297,218.5507354736328,48.08916473388672,65.0227279663086
2022-02-01,170.70518493652344,151.19349670410156,42.16238784790039,112.55538177490234,141.16561889648438,136.51568603515625,325.802490234375,331.02764892578125,135.59178161621094,53.37824630737305,219.19566345214844,382.2545166015625,316.51617431640625,297.42633056640625,45.7130012512207,24.589035034179688,150.6808319091797,224.53219604492188,49.698097229003906,69.19153594970703
2022-02-02,171.9076690673828,150.6125030517578,42.11748504638672,113.07308959960938,139.33865356445312,146.78680419921875,324.9075927734375,335.5437316894531,134.5063934326172,53.924720764160156,219.8946075439453,386.8271179199219,320.4850158691406,301.9538269042969,42.948001861572266,25.19183349609375,153.41751098632812,227.48915100097656,49.993072509765625,69.01176452636719
2022-02-03,169.03338623046875,138.8455047607422,41.70429611206055,112.0627212524414,136.8082733154297,141.9170684814453,321.1669006347656,327.5350341796875,133.39401245117188,54.30372619628906,215.29640197753906,380.314208984375,235.90869140625,290.1920471191406,40.560001373291016,23.900405883789062,153.33004760742188,223.7398223876953,49.535160064697266,68.20710754394531
2022-02-04,168.74960327148438,157.63949584960938,43.366004943847656,113.46558380126953,138.75247192382812,142.118408203125,328.97052001953125,322.9203186035156,136.8566436767578,53.73080825805664,210.6614532470703,372.64111328125,235.2439422607422,294.7099609375,41.016998291015625,24.27066993713379,150.81202697753906,220.69598388671875,50.576690673828125,69.6880111694336
2022-02-07,168.03500366210938,157.9355010986328,43.572601318359375,115.69513702392578,139.23117065429688,138.05995178222656,329.462646484375,320.8372802734375,137.31422424316406,54.29490280151367,208.7761993408203,366.722900390625,223.1587677001953,289.9030456542969,40.209999084472656,24.678855895996094,150.2174835205078,219.50738525390625,51.474552154541016,70.52690124511719
2022-02-08,171.13807678222656,161.4134979248047,44.35404968261719,113.93321990966797,139.20188903808594,138.25631713867188,331.207763671875,324.5094299316406,139.89772033691406,54.64747619628906,213.13526916503906,365.0068054199219,218.46559143066406,293.380615234375,40.35300064086914,25.0580997467041,150.40106201171875,220.2611083984375,52.74951171875,68.70359802246094
2022-02-09,172.5574188232422,161.1894989013672,44.264225006103516,115.06049346923828,143.84259033203125,140.43133544921875,335.1722412109375,327.1400451660156,140.48085021972656,53.80132293701172,214.88258361816406,371.83184814453125,230.19357299804688,299.7864074707031,41.28900146484375,26.651926040649414,150.33111572265625,223.09239196777344,53.027854919433594,68.37471008300781
2022-02-10,168.48526000976562,159.0034942626953,44.057640075683594,113.59918212890625,148.65916442871094,137.4836883544922,331.62841796875,318.8082275390625,139.89772033691406,54.10100173950195,209.12562561035156,365.0263366699219,226.29417419433594,291.2805480957031,40.62699890136719,25.772674560546875,147.2097930908203,218.34490966796875,53.01887130737305,67.7169189453125
2022-02-11,165.07876586914062,153.2935028076172,43.04265213012695,115.91226196289062,146.03106689453125,133.18174743652344,324.9075927734375,314.49871826171875,138.07666015625,53.1402587890625,207.75540161132812,360.5218811035156,217.84051513671875,284.2099609375,39.13100051879883,23.901403427124023,147.39340209960938,217.47378540039062,52.354461669921875,69.42196655273438
2022-02-14,165.31373596191406,155.16700744628906,42.59354019165039,114.1252670288086,147.37930297851562,134.4150390625,322.3838806152344,315.63897705078125,136.7938995361328,53.484012603759766,207.79217529296875,364.8021240234375,216.00489807128906,284.1714782714844,39.65700149536133,24.218772888183594,145.74964904785156,218.10296630859375,51.941436767578125,68.35741424560547
2022-02-15,169.14112854003906,156.510498046875,42.92588806152344,113.28987121582031,151.1602783203125,135.4886932373047,325.69512939453125,317.16522216796875,138.79434204101562,53.686737060546875,209.7694091796875,371.9975280761719,219.2792205810547,289.440673828125,40.74599838256836,26.442346572875977,145.1026611328125,220.5033416748047,52.41731262207031,67.50054931640625
2022-02-16,168.90618896484375,158.10049438476562,42.82707977294922,113.32363891601562,152.7527618408203,136.6089324951172,322.2138977050781,314.31915283203125,139.0455322265625,53.67793273925781,208.76695251464844,373.35284423828125,214.8539276123047,289.1028137207031,39.80799865722656,26.458309173583984,145.39996337890625,221.47120666503906,52.20181655883789,67.8121337890625
2022-02-17,165.31373596191406,154.65249633789062,41.380943298339844,112.74142456054688,149.43096923828125,131.45254516601562,312.3788146972656,312.38885498046875,135.8429718017578,54.75324249267578,205.8057403564453,364.3537292480469,206.0926971435547,280.6372985839844,38.66699981689453,24.458297729492188,145.7933807373047,217.3964385986328,50.41507339477539,67.70826721191406
2022-02-18,163.76707458496094,152.60150146484375,41.282142639160156,112.58109283447266,147.87757873535156,129.3340606689453,309.6761474609375,311.4281921386719,136.4799041748047,55.12343978881836,204.79417419433594,360.6974182128906,204.55479431152344,277.93450927734375,39.12900161743164,23.595014572143555,146.6327362060547,215.53805541992188,49.94818115234375,66.95528411865234
2022-02-22,160.84999084472656,150.19749450683594,40.922847747802734,111.72040557861328,144.68280029296875,128.7493896484375,308.0921936035156,283.864990234375,136.23770141601562,54.89426803588867,197.34507751464844,359.0789794921875,200.50653076171875,277.7318420410156,37.737998962402344,23.343515396118164,147.19229125976562,214.2120819091797,49.63392639160156,66.17633056640625
2022-02-23,156.68972778320312,144.82699584960938,40.22224426269531,114.37841796875,142.51388549804688,126.54212951660156,305.3357849121094,276.9337463378906,133.385009765625,54.28609848022461,197.80491638183594,352.195556640625,196.90480041503906,270.5403747558594,36.74599838256836,22.34250831604004,145.74093627929688,209.0145263671875,48.43976974487305,66.44462585449219
2022-02-24,159.30337524414062,151.35800170898438,39.1623420715332,113.7877426147461,145.96266174316406,131.60328674316406,304.44085693359375,281.23431396484375,129.6711883544922,53.33416748046875,196.25994873046875,360.1417236328125,205.98355102539062,284.3633117675781,39.00299835205078,23.700803756713867,143.2053985595703,210.32119750976562,47.326416015625,65.60509490966797
2022-02-25,161.36878967285156,153.7884979248047,40.43781661987305,118.45399475097656,146.0896759033203,133.35733032226562,313.3274230957031,284.2958984375,132.7391357421875,55.396671295166016,201.56622314453125,359.8589782714844,208.84112548828125,286.9888916015625,39.08000183105469,24.108993530273438,147.2185516357422,212.22793579101562,48.58342361450195,67.3707275390625
2022-02-28,161.6331024169922,153.56300354003906,39.70127487182617,121.50858306884766,145.0443115234375,133.94992065429688,305.42529296875,283.5596923828125,127.20423889160156,54.85901641845703,203.29510498046875,351.7958068847656,209.38685607910156,288.4175109863281,39.45199966430664,24.336536407470703,143.16168212890625,209.1790771484375,47.91899490356445,67.87271118164062
2022-03-01,159.7536163330078,151.14199829101562,38.14735412597656,126.3351821899414,142.34779357910156,132.96255493164062,295.4421691894531,287.5281066894531,122.40489196777344,54.62104034423828,203.6997833251953,335.86444091796875,201.90554809570312,284.7107849121094,38.624000549316406,23.430339813232422,141.8764190673828,202.25872802734375,45.15357971191406,68.52183532714844
2022-03-02,163.0426788330078,152.05250549316406,38.767127990722656,130.06483459472656,143.95005798339844,133.4683837890625,302.8057556152344,293.92059326171875,124.94361877441406,55.02648162841797,210.28440856933594,335.48419189453125,206.48959350585938,289.7688903808594,38.00299835205078,24.175983428955078,143.8436737060547,201.78443908691406,46.886474609375,69.69892883300781
2022-03-03,162.7196807861328,147.89849853515625,38.35192108154297,131.81993103027344,142.22080993652344,132.80189514160156,300.1412353515625,291.21807861328125,124.05549621582031,55.061737060546875,208.09564208984375,332.4617614746094,201.3896026611328,285.6471862792969,36.80699920654297,23.6709041595459,143.68963623046875,200.57456970214844,46.00656509399414,70.14034271240234
2022-03-04,159.7242889404297,145.64100646972656,36.96190643310547,133.87037658691406,137.48236083984375,130.8252410888672,296.7654724121094,291.12835693359375,120.56593322753906,55.149879455566406,206.06326293945312,322.48760986328125,198.50225830078125,279.7975158691406,36.17300033569336,22.894317626953125,145.87220764160156,193.85743713378906,43.80678939819336,72.78010559082031
2022-03-07,155.93601989746094,137.4530029296875,34.6060905456543,136.73092651367188,130.42848205566406,125.3425521850586,289.7619934082031,289.79058837890625,115.91016387939453,53.83657455444336,204.39871215820312,305.0938415527344,186.01028442382812,269.22760009765625,35.0260009765625,21.313194274902344,142.96800231933594,184.57545471191406,41.131160736083984,75.402587890625
2022-03-08,154.1152801513672,136.01449584960938,34.83174514770508,143.8948516845703,128.71875,126.06259155273438,289.29388427734375,284.376708984375,115.09381103515625,51.70355987548828,205.318359375,306.4684753417969,188.808349609375,266.2738952636719,34.17599868774414,21.47490119934082,138.93722534179688,185.5530242919922,41.71477127075195,75.97381591796875
2022-03-09,159.50889587402344,139.2790069580078,37.04313278198242,140.3002166748047,130.57504272460938,132.32632446289062,300.294189453125,286.5083923339844,119.70475006103516,51.96798324584961,207.7278289794922,319.92333984375,196.9543914794922,278.4847412109375,35.87900161743164,22.97217559814453,138.52357482910156,193.34446716308594,44.138999938964844,71.65496826171875
2022-03-10,155.17250061035156,146.8175048828125,36.709171295166016,144.1395721435547,130.56527709960938,131.3439178466797,296.9725341796875,287.1767578125,118.2873764038086,51.01606369018555,206.15521240234375,316.4719543457031,193.6900177001953,275.67572021484375,35.676998138427734,22.6168212890625,135.98020935058594,191.61196899414062,44.00431823730469,73.87928009033203
2022-03-11,151.46253967285156,145.52450561523438,36.40229034423828,144.20706176757812,128.71875,128.80592346191406,294.3619384765625,286.1380615234375,115.62307739257812,51.05131912231445,204.35275268554688,316.6669006347656,186.14918518066406,270.34735107421875,34.03200149536133,22.059837341308594,135.29371643066406,190.3924560546875,43.51947784423828,73.49849700927734
2022-03-14,147.43930053710938,141.85299682617188,37.187564849853516,140.67996215820312,126.06132507324219,124.91854858398438,292.54364013671875,287.5561828613281,116.77132415771484,51.992767333984375,208.30715942382812,320.3717956542969,185.17684936523438,266.8433837890625,33.10100173950195,21.291236877441406,137.19468688964844,193.89617919921875,44.76750564575195,70.86735534667969
2022-03-15,151.81491088867188,147.3665008544922,37.458343505859375,133.55819702148438,131.11236572265625,128.13893127441406,296.306396484375,296.7510986328125,118.84353637695312,52.95198059082031,212.50070190429688,326.62152099609375,190.53477478027344,277.1815490722656,34.375,22.93125343322754,139.9317169189453,199.51959228515625,44.991966247558594,66.83411407470703
2022-03-16,156.21987915039062,153.10400390625,38.63172149658203,133.0772705078125,134.9617462158203,132.18795776367188,306.7486267089844,298.8918151855469,124.15418243408203,52.809879302978516,212.73980712890625,336.0594177246094,202.04444885253906,284.1702575683594,35.75299835205078,24.451480865478516,140.54774475097656,205.06556701660156,46.32978057861328,66.5831298828125
2022-03-17,157.2281494140625,157.23899841308594,38.839332580566406,135.38082885742188,136.26113891601562,132.74188232421875,309.0080871582031,303.814453125,125.72406005859375,53.369407653808594,215.54470825195312,337.7754211425781,206.22166442871094,284.97149658203125,37.13999938964844,24.720993041992188,141.63906860351562,206.5948486328125,46.222049713134766,68.35741424560547
2022-03-18,160.5171661376953,161.25050354003906,38.72199630737305,136.46932983398438,137.07203674316406,135.00962829589844,310.9074401855469,307.7706604003906,125.67921447753906,53.378292083740234,216.73104858398438,341.3341369628906,214.80435180664062,290.00048828125,38.060001373291016,26.404922485351562,143.26719665527344,212.0730743408203,46.168174743652344,68.0890884399414
2022-03-21,161.88763427734375,161.4915008544922,38.66783905029297,138.92481994628906,135.43069458007812,134.98585510253906,305.16424560546875,297.50079345703125,125.2755126953125,53.80461120605469,209.30958557128906,336.93695068359375,209.84327697753906,288.774658203125,37.45899963378906,26.68541717529297,143.0647735595703,210.06951904296875,45.91676712036133,71.1443099975586
2022-03-22,165.25498962402344,164.88900756835938,39.87733840942383,138.46070861816406,136.88641357421875,138.72145080566406,308.77398681640625,297.82598876953125,127.93981170654297,54.000003814697266,210.10964965820312,340.7882080078125,214.96307373046875,293.5045471191406,38.29199981689453,26.475797653198242,144.63131713867188,211.45359802246094,47.93696594238281,70.83272552490234
2022-03-23,166.6156463623047,163.4080047607422,38.893489837646484,139.9542694091797,134.47323608398438,137.14202880859375,302.112548828125,286.3728332519531,125.39213562011719,53.644737243652344,203.16639709472656,333.6219787597656,211.79791259765625,289.09320068359375,37.44900131225586,25.587413787841797,143.8744659423828,207.78529357910156,45.898807525634766,71.94922637939453
2022-03-24,170.39410400390625,163.64950561523438,38.87544250488281,140.3255615234375,135.76287841796875,140.41151428222656,302.6706848144531,285.2257995605469,126.20850372314453,54.15986633300781,201.55702209472656,340.6126708984375,217.8603515625,293.5431213378906,37.57099914550781,28.098838806152344,144.74571228027344,210.33084106445312,46.08736801147461,72.16561889648438
2022-03-25,171.03033447265625,164.77349853515625,39.471168518066406,142.86541748046875,135.93873596191406,140.51165771484375,303.8049621582031,280.6192321777344,127.31185913085938,54.64836120605469,195.80929565429688,340.2909240722656,220.0928192138672,293.1377258300781,37.3849983215332,27.641674041748047,145.42333984375,211.4148712158203,47.19173049926758,73.74080657958984
2022-03-28,171.89183044433594,168.99049377441406,39.308692932128906,140.3677520751953,135.52838134765625,140.2959442138672,301.8335266113281,283.87091064453125,126.36994171142578,54.99473571777344,196.60018920898438,341.72412109375,221.84906005859375,299.9140625,37.85100173950195,28.1677188873291,145.8546142578125,213.6797332763672,46.518333435058594,71.67227172851562
2022-03-29,175.18087768554688,169.31500244140625,39.20940017700195,138.65480041503906,139.10418701171875,141.33734130859375,305.7583923339844,286.9690246582031,126.64803314208984,55.20790481567383,201.9248809814453,358.35748291015625,228.07025146484375,304.4605407714844,39.18199920654297,28.60392189025879,148.01962280273438,220.79371643066406,46.32978057861328,71.29145812988281
2022-03-30,174.01596069335938,166.30099487304688,38.812255859375,139.63365173339844,137.71685791015625,140.77499389648438,302.0946350097656,278.6140441894531,126.07390594482422,55.25230026245117,192.65496826171875,353.18023681640625,226.07589721679688,302.96435546875,38.14699935913086,27.639678955078125,147.8172149658203,216.7576141357422,44.991966247558594,72.51179504394531
2022-03-31,170.9226837158203,162.99749755859375,37.20561599731445,137.3975372314453,134.00430297851562,137.92755126953125,297.15252685546875,270.3674011230469,122.28831481933594,55.0657844543457,185.94158935546875,348.44189453125,220.62863159179688,297.6069641113281,37.45899963378906,27.236413955688477,147.3067169189453,214.64764404296875,43.5104866027832,71.48185729980469
2022-04-01,170.62904357910156,163.55999755859375,36.91677474975586,138.57040405273438,133.84796142578125,139.0016326904297,297.2606506347656,272.67974853515625,121.38226318359375,55.83848571777344,186.13470458984375,354.8669738769531,223.09922790527344,298.67852783203125,37.34700012207031,26.6634578704834,149.4013214111328,219.09019470214844,43.73495864868164,71.94058227539062
2022-04-04,174.6718292236328,168.34649658203125,36.85359191894531,138.69700622558594,135.3916015625,141.79954528808594,295.451171875,276.01263427734375,121.92046356201172,55.5453987121582,187.71646118164062,357.7335510253906,232.06886291503906,304.0358581542969,39.150001525878906,27.310279846191406,149.0140838623047,220.42588806152344,43.5104866027832,71.97521209716797
2022-04-05,171.36318969726562,164.05499267578125,36.23078918457031,137.8447265625,132.4997100830078,139.43853759765625,291.62542724609375,275.3623046875,120.50167083740234,55.48322677612305,188.40623474121094,354.2332763671875,230.0347900390625,300.0877990722656,38.01499938964844,25.883872985839844,149.1724853515625,218.8289031982422,43.20522689819336,71.60304260253906
2022-04-06,168.20138549804688,158.75599670410156,35.833641052246094,139.0682830810547,129.51988220214844,135.4287109375,284.69390869140625,269.6538391113281,118.82978057861328,56.04275894165039,184.5253448486328,344.70758056640625,221.56129455566406,289.1028137207031,36.834999084472656,24.362642288208008,151.7158966064453,211.9762420654297,42.99871826171875,72.39929962158203
2022-04-07,168.50485229492188,157.7845001220703,35.553829193115234,141.0006103515625,128.8359832763672,134.77459716796875,282.7945556640625,273.4565124511719,118.46830749511719,56.34473419189453,186.35540771484375,341.2806701660156,221.2140350341797,290.9079284667969,36.21500015258789,24.16400909423828,151.85670471191406,209.20809936523438,42.86403274536133,73.61101531982422
2022-04-08,166.49815368652344,154.4604949951172,35.80656051635742,143.38856506347656,128.8359832763672,132.19491577148438,289.3119201660156,281.0075378417969,120.6372299194336,56.691123962402344,190.05238342285156,343.9363098144531,220.59884643554688,286.6606140136719,35.5880012512207,23.076988220214844,152.36717224121094,210.01145935058594,43.7529182434082,75.1602554321289
2022-04-11,162.24978637695312,151.1219940185547,35.734352111816406,139.70111083984375,127.64405822753906,127.76750946044922,288.74481201171875,277.04241943359375,120.19439697265625,56.67335891723633,188.14871215820312,339.15216064453125,214.77459716796875,275.35711669921875,34.79999923706055,21.87717056274414,151.90072631835938,207.85308837890625,44.2916374206543,72.57240295410156
2022-04-12,164.1194610595703,150.78750610351562,35.35525131225586,142.6122589111328,127.82968139648438,126.66759490966797,287.86260986328125,276.6539611816406,118.87498474121094,57.3394775390625,187.73484802246094,337.61932373046875,212.47262573242188,272.26824951171875,34.40999984741211,21.464920043945312,152.51678466796875,204.6106719970703,43.47458267211914,74.08702087402344
2022-04-13,166.80160522460938,155.54100036621094,35.039344787597656,144.85682678222656,129.30496215820312,128.8292236328125,289.8340148925781,280.3843688964844,115.043212890625,57.490474700927734,188.99476623535156,346.73846435546875,213.31600952148438,277.63525390625,35.042999267578125,22.162647247314453,152.25274658203125,206.4205780029297,43.58232498168945,75.13428497314453
2022-04-14,161.79953002929688,151.7064971923828,33.911075592041016,144.78929138183594,127.46820068359375,125.69116973876953,289.5369567871094,275.0552673339844,113.9768295288086,57.74802780151367,185.10472106933594,349.35491943359375,208.54342651367188,270.1156005859375,34.112998962402344,21.219369888305664,151.28465270996094,205.95596313476562,41.615997314453125,76.0171127319336
2022-04-18,161.58416748046875,152.78500366210938,35.06642150878906,146.73007202148438,124.830322265625,126.62991333007812,296.95452880859375,271.1622619628906,116.09153747558594,57.232906341552734,182.56649780273438,348.3591613769531,209.1288604736328,270.78173828125,33.7859992980957,21.7434139251709,149.98214721679688,206.3238067626953,42.35224914550781,76.64025115966797
2022-04-19,163.86495971679688,158.11549377441406,35.71630096435547,144.99180603027344,128.8652801513672,128.94329833984375,302.4186706542969,278.01788330078125,118.49540710449219,57.79243850708008,187.478759765625,355.26190185546875,215.61793518066406,275.39581298828125,34.861000061035156,22.15765953063965,152.16473388671875,208.7725372314453,42.94483947753906,75.95650482177734
2022-04-20,163.6985626220703,153.9980010986328,35.79753494262695,145.5824737548828,121.70394897460938,126.99041748046875,307.01861572265625,284.64776611328125,118.91111755371094,58.58290100097656,192.74191284179688,356.6483459472656,198.8594512939453,276.41900634765625,22.618999481201172,21.442955017089844,154.42652893066406,210.79542541503906,43.68109130859375,76.12960052490234
2022-04-21,162.90565490722656,148.29600524902344,35.12057113647461,138.8741912841797,118.86090087890625,123.79136657714844,300.9333190917969,280.33013916015625,117.98931121826172,58.80494689941406,189.31626892089844,355.818359375,186.60562133789062,271.0616149902344,21.82200050354004,20.146320343017578,153.8720703125,209.4984588623047,42.899940490722656,75.32467651367188
2022-04-22,158.3734588623047,144.35000610351562,33.90205764770508,135.81118774414062,115.54888916015625,118.65482330322266,287.8535461425781,271.07196044921875,114.60038757324219,57.952308654785156,181.9570770263672,342.8720703125,182.6764678955078,264.5170593261719,21.552000045776367,19.479537963867188,151.5047149658203,201.48440551757812,41.60701370239258,73.68024444580078
2022-04-25,159.44041442871094,146.07400512695312,33.65835189819336,132.8916015625,117.19023895263672,122.06513977050781,289.3388671875,275.4346008300781,114.56424713134766,58.56513214111328,185.02264404296875,346.21124267578125,185.5340118408203,270.9748229980469,20.990999221801758,19.865829467773438,152.90402221679688,203.20724487304688,41.14912033081055,71.19623565673828
2022-04-26,153.4888153076172,139.39100646972656,32.9001579284668,132.08152770996094,113.10641479492188,117.67740631103516,281.86737060546875,270.93646240234375,111.17530059814453,57.774681091308594,184.293212890625,335.96929931640625,179.54104614257812,260.8393859863281,19.84000015258789,18.753854751586914,152.51678466796875,194.6414794921875,40.02677917480469,71.22221374511719
2022-04-27,153.26365661621094,138.16700744628906,32.719635009765625,131.83680725097656,112.55929565429688,113.35760498046875,281.9664001464844,272.4178466796875,109.72935485839844,58.22762680053711,184.2747344970703,353.0163269042969,173.58779907226562,273.38800048828125,18.854000091552734,18.38153648376465,153.8809051513672,207.23361206054688,40.02677917480469,73.25613403320312
2022-04-28,160.18435668945312,144.59649658203125,33.22510528564453,136.51995849609375,112.63745880126953,117.55094146728516,286.62933349609375,281.5947265625,111.46448516845703,58.78717803955078,189.41781616210938,369.86798095703125,204.12811279296875,279.5754699707031,19.95199966430664,19.746049880981445,156.2130584716797,213.5732879638672,40.556522369384766,75.47183990478516
2022-04-29,154.32086181640625,124.28150177001953,32.20514678955078,132.19969177246094,109.06166076660156,113.17410278320312,274.9988708496094,271.33392333984375,107.86770629882812,57.383888244628906,182.5757293701172,354.7835388183594,198.90907287597656,267.8858642578125,19.035999298095703,18.51329231262207,151.117431640625,206.28509521484375,39.17380905151367,73.78409576416016
2022-05-02,154.62429809570312,124.5,32.6203498840332,134.79861450195312,110.88863372802734,115.6273422241211,279.4368896484375,277.2681579589844,108.8527603149414,56.34473419189453,187.57110595703125,350.5461120605469,209.48606872558594,274.5946350097656,19.945999145507812,19.49750518798828,147.64117431640625,204.73648071289062,39.2097282409668,74.78807067871094
2022-05-03,156.1121826171875,124.25350189208984,33.5139274597168,137.11065673828125,110.93748474121094,116.37217712402344,283.2536315917969,275.4526672363281,111.1843490600586,56.02500915527344,186.1768341064453,349.3257751464844,210.37904357910156,271.99798583984375,19.98699951171875,19.566375732421875,147.84359741210938,201.8618621826172,39.64967346191406,76.32867431640625
2022-05-04,162.5141143798828,125.92849731445312,34.85881805419922,141.4140625,113.51675415039062,121.25879669189453,291.76043701171875,284.80120849609375,114.86246490478516,57.75691223144531,191.28302001953125,359.8018493652344,221.67044067382812,279.91339111328125,20.400999069213867,20.297046661376953,153.00962829589844,207.63046264648438,41.28378677368164,79.36659240722656
2022-05-05,153.45947265625,116.40699768066406,33.88400650024414,140.29180908203125,110.01911163330078,115.55048370361328,281.8222961425781,270.168701171875,111.9886474609375,57.295066833496094,180.9044647216797,345.0102844238281,206.6582489013672,267.7217712402344,18.832000732421875,18.80975341796875,149.95578002929688,198.64849853515625,40.40810012817383,78.16354370117188
2022-05-06,154.18487548828125,114.77249908447266,33.802764892578125,144.02987670898438,107.75250244140625,114.79769897460938,281.7232666015625,265.8331604003906,111.80790710449219,57.49934387207031,177.55267333984375,338.90814208984375,202.18338012695312,265.19268798828125,18.097000122070312,18.641061782836914,149.97335815429688,196.30621337890625,40.218509674072266,79.3579330444336
2022-05-09,149.06756591796875,108.78900146484375,32.827945709228516,134.37672424316406,104.5186538696289,111.58872985839844,278.0595397949219,268.28985595703125,110.12700653076172,57.383888244628906,181.04295349121094,320.2305908203125,194.68223571777344,255.3950958251953,17.309999465942383,16.919198989868164,151.10865783691406,186.8015899658203,39.68588638305664,73.10034942626953
2022-05-10,151.4693603515625,108.85900115966797,32.27735137939453,135.66770935058594,105.20254516601562,113.457275390625,274.61181640625,262.98797607421875,107.44296264648438,56.850990295410156,177.40492248535156,317.6336669921875,196.1110076904297,260.14422607421875,17.766000747680664,17.563026428222656,150.92384338378906,187.3629608154297,38.89144515991211,73.58503723144531
2022-05-11,143.61705017089844,105.37200164794922,32.10586166381836,137.67596435546875,102.78936767578125,112.67127990722656,271.4521484375,255.58135986328125,106.76515197753906,57.117431640625,173.3790740966797,318.1608581542969,187.27041625976562,251.5049591064453,16.636999130249023,16.59977912902832,150.19337463378906,190.40213012695312,38.431026458740234,75.11697387695312
2022-05-12,139.7545166015625,106.93049621582031,31.654550552368164,138.98387145996094,101.91007995605469,111.91899108886719,269.52569580078125,261.6601867675781,106.6748046875,57.295066833496094,177.00790405273438,313.6403503417969,189.75096130371094,246.4855194091797,17.430999755859375,16.145606994628906,149.9645538330078,188.09901428222656,37.744930267333984,75.45797729492188
2022-05-13,144.2150115966797,113.05500030517578,31.744815826416016,141.65029907226562,104.860595703125,115.09921264648438,276.34918212890625,267.3866882324219,107.62370300292969,58.3697395324707,179.13160705566406,324.9269104003906,197.073486328125,252.05519104003906,18.763999938964844,17.673818588256836,152.8863983154297,193.19979858398438,38.49421691894531,77.69635772705078
2022-05-16,142.67591857910156,110.81050109863281,31.419872283935547,145.98753356933594,102.76005554199219,113.50686645507812,273.15350341796875,267.3505859375,106.87359619140625,58.58290100097656,179.8056640625,321.9295959472656,198.482421875,252.42201232910156,18.650999069213867,17.23262596130371,154.42652893066406,191.82278442382812,38.10603332519531,79.5237808227539
2022-05-17,146.30308532714844,115.36849975585938,32.48495864868164,146.8481903076172,106.14045715332031,115.51825714111328,281.7322692871094,271.8307189941406,110.41619873046875,58.42302703857422,179.1593017578125,330.84356689453125,201.04232788085938,257.5573425292969,19.055999755859375,18.143964767456055,153.5376434326172,197.8253936767578,39.4601936340332,80.53804779052734
2022-05-18,138.0487823486328,107.11250305175781,31.48305892944336,142.977294921875,101.90029907226562,110.98223876953125,276.1151428222656,257.58648681640625,108.52742004394531,54.35525894165039,169.7318115234375,327.95355224609375,190.74317932128906,245.83084106445312,17.7189998626709,16.90721893310547,144.02406311035156,193.9368133544922,38.015750885009766,79.26148223876953
2022-05-19,134.64707946777344,107.31900024414062,31.09493637084961,141.95640563964844,100.76699829101562,109.47915649414062,277.43841552734375,259.9168395996094,106.9188003540039,53.28947448730469,173.46217346191406,324.36065673828125,189.800537109375,244.92135620117188,18.347999572753906,17.09288215637207,141.86788940429688,191.39608764648438,37.91645050048828,79.6899185180664
2022-05-20,134.88230895996094,107.59100341796875,30.562393188476562,142.77308654785156,100.06355285644531,108.01525115966797,276.1781005859375,259.4020690917969,106.04219055175781,54.15986633300781,170.53512573242188,328.2268981933594,192.03302001953125,244.3601837158203,18.635000228881836,16.663660049438477,142.7567596435547,193.00588989257812,37.61852264404297,80.3194580078125
2022-05-23,140.29373168945312,107.55699920654297,32.37663650512695,146.09104919433594,103.39511108398438,110.57410430908203,285.00897216796875,258.3542785644531,112.60318756103516,55.82960510253906,171.9755859375,340.1871032714844,194.7020721435547,252.18746948242188,18.743999481201172,16.867290496826172,145.74021911621094,201.27767944335938,39.55949401855469,82.09442138671875
2022-05-24,137.59783935546875,104.0999984741211,32.17807388305664,146.87371826171875,99.25265502929688,105.1013412475586,282.614501953125,260.0614013671875,114.1937255859375,56.85987091064453,170.47048950195312,332.6302490234375,179.86849975585938,251.19097900390625,18.034000396728516,16.124637603759766,147.69400024414062,196.4969024658203,39.081024169921875,82.54036712646484
2022-05-25,137.75469970703125,106.7750015258789,32.34955978393555,149.23028564453125,100.88423919677734,104.93769836425781,283.4696960449219,265.1647644042969,114.98898315429688,56.90428161621094,174.0992889404297,336.60394287109375,182.3986358642578,253.9967803955078,18.783000946044922,16.944149017333984,148.7060546875,197.6702880859375,39.830326080322266,84.20166015625
2022-05-26,140.9505157470703,111.07749938964844,33.09872817993164,150.2342071533203,103.18016815185547,106.90890502929688,291.3283386230469,273.5107421875,116.9771728515625,57.10855484008789,180.54432678222656,341.612548828125,190.13790893554688,257.26702880859375,19.139999389648438,17.818553924560547,149.70936584472656,202.2377166748047,41.16642761230469,84.49893951416016
2022-05-27,146.69522094726562,115.14649963378906,33.41463851928711,151.6719512939453,106.8048095703125,111.39580535888672,295.7842712402344,278.6140441894531,118.63098907470703,57.44606018066406,184.3301239013672,349.31591796875,193.61062622070312,264.36871337890625,19.518999099731445,18.77681541442871,151.17025756835938,206.43666076660156,41.42823791503906,85.32960510253906
2022-05-31,145.9109649658203,120.20950317382812,33.577110290527344,148.59226989746094,107.89903259277344,112.8294677734375,296.02880859375,273.4565124511719,119.49854278564453,56.29144287109375,180.33197021484375,349.4039001464844,192.1322479248047,263.0432434082031,19.743999481201172,18.6380672454834,147.63235473632812,205.74818420410156,41.31990432739258,83.93934631347656
2022-06-01,145.7835235595703,121.68399810791016,33.09872817993164,150.00450134277344,106.67781066894531,112.95841217041016,291.5003356933594,270.1297912597656,117.40192413330078,56.01612091064453,177.02635192871094,348.6129150390625,187.17120361328125,263.57537841796875,19.291000366210938,18.286705017089844,146.52346801757812,203.575927734375,40.76920700073242,85.54818725585938
2022-06-02,148.23431396484375,125.51100158691406,33.31660842895508,149.73223876953125,108.31913757324219,116.6583251953125,293.67401123046875,278.0193786621094,119.29066467285156,56.60230255126953,181.0983428955078,354.4905700683594,197.3115997314453,265.66522216796875,20.509000778198242,19.556392669677734,147.71096801757812,208.54095458984375,40.92268371582031,85.39954376220703
2022-06-03,142.51904296875,122.3499984741211,32.85362243652344,151.09347534179688,106.16976928710938,113.6020736694336,288.6292419433594,277.30126953125,117.62785339355469,55.92730712890625,180.47047424316406,349.35491943359375,189.2945098876953,261.2533264160156,19.898000717163086,18.685977935791016,146.0892791748047,206.2135772705078,40.46226119995117,86.64115142822266
2022-06-06,143.26406860351562,124.79000091552734,32.81731033325195,150.43838500976562,105.34909057617188,115.8628921508789,290.2866516113281,276.2197570800781,117.2392578125,55.83848571777344,181.6893310546875,351.6201171875,192.7375030517578,260.0245056152344,19.714000701904297,18.75185775756836,146.70069885253906,206.4948272705078,40.73309326171875,86.42254638671875
2022-06-07,145.7835235595703,123.0,32.99886703491211,153.30538940429688,105.31001281738281,116.18919372558594,291.1924133300781,274.292724609375,117.5465316772461,56.175987243652344,180.65513610839844,355.4083251953125,194.1265869140625,263.65277099609375,19.861000061035156,18.891605377197266,147.60462951660156,208.0076141357422,41.049072265625,90.38343811035156
2022-06-08,145.0482635498047,121.18000030517578,32.58128356933594,154.09658813476562,104.870361328125,116.23332214355469,285.0064392089844,270.4388427734375,115.67583465576172,55.85624694824219,177.70042419433594,353.7582702636719,195.10888671875,261.63067626953125,20.283000946044922,18.618045806884766,146.86907958984375,207.03790283203125,40.29074478149414,91.4501724243164
2022-06-09,139.83294677734375,116.1500015258789,31.328506469726562,151.025390625,100.9233169555664,113.89415740966797,275.5328369140625,272.556640625,113.24481201171875,54.88816452026367,179.39016723632812,340.7436828613281,182.5673065185547,256.1930847167969,19.277000427246094,18.019010543823242,144.25482177734375,199.87158203125,38.52130126953125,89.47409057617188
2022-06-10,134.431396484375,109.6500015258789,30.11203384399414,149.22178649902344,97.11305236816406,110.25028228759766,259.95465087890625,262.90362548828125,108.0394058227539,54.541786193847656,172.0494384765625,326.8307800292969,174.2029571533203,244.7762451171875,18.29400062561035,16.946735382080078,144.0244140625,193.4713134765625,36.183128356933594,87.83903503417969
2022-06-13,129.28472900390625,103.66999816894531,29.06805992126465,142.35621643066406,93.50794219970703,105.52037811279297,256.6036376953125,257.37725830078125,104.82217407226562,54.47960662841797,167.3680419921875,312.1759033203125,162.9810028076172,234.39459228515625,16.9689998626709,15.621865272521973,141.56076049804688,186.4407501220703,35.1991081237793,83.80819702148438
2022-06-14,130.1473846435547,102.30999755859375,28.55968475341797,142.54344177246094,92.0522232055664,105.8407211303711,255.8971710205078,253.29608154296875,103.07799530029297,52.98566436767578,164.3024444580078,314.5191345214844,162.45513916015625,236.55215454101562,16.753999710083008,15.810563087463379,138.35275268554688,187.6626434326172,33.79077911376953,84.02677917480469
2022-06-15,132.7648468017578,107.66999816894531,29.095287322998047,139.7444610595703,93.67402648925781,108.86473846435547,262.7170104980469,254.25955200195312,104.29801940917969,53.3792724609375,165.2904510498047,317.69219970703125,168.03140258789062,243.5861358642578,18.01099967956543,16.500452041625977,139.83270263671875,190.2227325439453,34.45882034301758,82.96879577636719
2022-06-16,127.50053405761719,103.66000366210938,28.913732528686523,132.2748260498047,92.11083984375,105.16432189941406,258.1070861816406,248.5604705810547,102.50865173339844,52.842533111572266,158.4575958251953,301.4752197265625,159.61740112304688,237.01658630371094,17.334999084472656,15.575940132141113,139.1591796875,183.3279571533203,33.9893913269043,79.90851593017578
2022-06-17,128.9710235595703,106.22000122070312,28.977277755737305,126.2345199584961,92.1694564819336,106.26521301269531,253.40638732910156,246.07908630371094,102.14718627929688,53.16458511352539,159.25169372558594,303.3399353027344,162.46505737304688,239.60958862304688,17.551000595092773,15.8544921875,139.18577575683594,184.2588653564453,34.73868942260742,75.30059814453125
2022-06-21,133.19618225097656,108.68000030517578,29.8215389251709,131.51766967773438,91.14362335205078,110.62964630126953,257.9530944824219,244.68833923339844,104.67757415771484,54.30068588256836,159.16860961914062,309.8912048339844,155.82716369628906,245.50186157226562,17.090999603271484,16.539390563964844,142.42041015625,188.50631713867188,35.1991081237793,79.9872055053711
2022-06-22,132.68643188476562,108.94999694824219,29.594589233398438,125.80062103271484,91.34880065917969,110.57361602783203,257.70855712890625,244.4884033203125,104.09017944335938,54.70325469970703,160.29507446289062,308.6708068847656,154.63650512695312,244.9116973876953,17.888999938964844,16.333723068237305,143.59014892578125,187.95355224609375,34.84701919555664,76.82198333740234
2022-06-23,135.54896545410156,112.44000244140625,29.122528076171875,121.17253875732422,92.13038635253906,111.32191467285156,259.1849060058594,250.34201049804688,102.95148468017578,55.35628890991211,162.81585693359375,309.26641845703125,157.51393127441406,250.45562744140625,18.17099952697754,16.19893455505371,145.4246063232422,190.68821716308594,34.215084075927734,74.50491333007812
2022-06-24,138.87225341796875,116.45999908447266,29.33131980895996,123.16328430175781,95.53031921386719,117.00791931152344,274.20135498046875,257.2318115234375,106.02411651611328,56.39399719238281,168.82696533203125,322.68133544921875,168.83506774902344,259.00860595703125,19.084999084472656,17.098493576049805,147.22357177734375,199.2897186279297,36.79701232910156,75.98258972167969
2022-06-27,138.87225341796875,113.22000122070312,29.367631912231445,125.54537200927734,94.38723754882812,114.88399505615234,272.4171142578125,256.9500427246094,105.17462158203125,56.27770233154297,170.10118103027344,321.0507507324219,168.1702880859375,256.28985595703125,18.913999557495117,16.84190559387207,147.41851806640625,197.39869689941406,36.32756805419922,77.84498596191406
2022-06-28,134.73529052734375,107.4000015258789,29.285932540893555,127.56166076660156,93.7131118774414,111.08935546875,271.2488098144531,245.5518341064453,104.66854095458984,55.714115142822266,161.32925415039062,310.7601013183594,159.42886352539062,248.15292358398438,17.959999084472656,15.956330299377441,145.3448486328125,192.12339782714844,36.27341079711914,80.00466918945312
2022-06-29,136.4900665283203,108.91999816894531,28.922805786132812,125.04344940185547,93.44933319091797,110.7858657836914,274.6814270019531,248.9331512451172,104.1986083984375,56.11668014526367,162.60348510742188,314.9584045410156,162.6635284423828,251.81021118164062,17.836000442504883,15.517034530639648,147.75531005859375,193.46165466308594,35.84909439086914,77.04932403564453
2022-06-30,134.02947998046875,106.20999908447266,28.26010513305664,123.17181396484375,92.22808074951172,108.06979370117188,269.01171875,249.29669189453125,101.76761627197266,56.27770233154297,161.2830810546875,308.0167236328125,159.99444580078125,248.49154663085938,17.48699951171875,15.134651184082031,147.6932373046875,190.9305877685547,35.361602783203125,74.88088989257812
2022-07-01,136.19598388671875,109.55999755859375,28.650461196899414,124.6435775756836,93.92804718017578,107.84616088867188,271.0133972167969,253.66871643066406,103.06896209716797,57.59272384643555,163.76690673828125,310.7113952636719,158.78395080566406,251.15223693847656,17.9950008392334,14.499670028686523,150.112548828125,193.1513214111328,36.0386848449707,76.55095672607422
2022-07-05,138.7742156982422,113.5,28.359968185424805,121.36822509765625,94.94412231445312,112.33454895019531,269.17474365234375,257.89532470703125,102.67691802978516,56.60868835449219,166.0937957763672,311.70721435546875,166.88040161132812,254.31610107421875,18.58799934387207,14.939963340759277,149.77578735351562,194.47012329101562,36.2011833190918,74.15515899658203
2022-07-06,140.10748291015625,114.33000183105469,28.123933792114258,119.76878356933594,93.86943817138672,113.63282775878906,266.05914306640625,257.7590026855469,102.01138305664062,56.7249870300293,165.33660888671875,312.595703125,168.44810485839844,257.5669250488281,18.4060001373291,15.105697631835938,151.27346801757812,195.03257751464844,35.65951919555664,72.81736755371094
2022-07-07,143.46995544433594,116.33000183105469,28.922805786132812,122.099853515625,95.18836975097656,117.8093032836914,270.44268798828125,260.5858459472656,104.59150695800781,56.27770233154297,167.6542510986328,316.8884582519531,170.84925842285156,259.6859130859375,18.927000045776367,15.832529067993164,150.97216796875,196.66177368164062,36.219242095947266,75.1432113647461
2022-07-08,144.1464080810547,115.54000091552734,28.85926055908203,121.46179962158203,93.65449523925781,118.37512969970703,268.51361083984375,260.3858947753906,104.26332092285156,56.48345184326172,167.7096405029297,315.9007568359375,169.54946899414062,258.969970703125,18.697999954223633,15.812560081481934,152.31918334960938,197.40843200683594,36.27341079711914,75.2656021118164
2022-07-11,142.01907348632812,111.75,28.55968475341797,120.38980865478516,91.48556518554688,114.728271484375,265.5338439941406,260.31317138671875,102.89573669433594,56.30453872680664,166.30616760253906,317.00579833984375,161.61175537109375,255.92213439941406,17.733999252319336,15.12766170501709,151.0696563720703,198.8533477783203,35.92131805419922,74.88088989257812
2022-07-12,142.98963928222656,109.22000122070312,28.46890640258789,118.18638610839844,91.44649505615234,113.08584594726562,264.94512939453125,259.1587829589844,102.99602508544922,56.06300735473633,167.1279296875,315.7051696777344,161.9987335205078,245.4341278076172,17.44499969482422,15.05777359008789,150.2100372314453,198.62063598632812,35.749794006347656,73.88410186767578
2022-07-13,142.6268768310547,110.4000015258789,27.996845245361328,117.39518737792969,90.80167388916016,110.44071197509766,262.7895202636719,261.03125,102.02961730957031,55.8035774230957,168.39297485351562,316.20391845703125,162.21701049804688,244.51498413085938,17.6560001373291,15.139640808105469,150.74179077148438,197.97085571289062,35.27132797241211,74.181396484375
2022-07-14,145.54823303222656,110.62999725341797,27.352296829223633,115.65116882324219,89.72698211669922,109.4627914428711,255.03668212890625,263.121826171875,98.4648208618164,55.62466049194336,168.66073608398438,317.82720947265625,156.81936645507812,245.83084106445312,17.47800064086914,15.347306251525879,151.52162170410156,199.67762756347656,34.973411560058594,72.6949691772461
2022-07-15,147.2147674560547,113.55000305175781,29.27685546875,117.10591888427734,93.0096664428711,110.8612289428711,266.1587829589844,265.7850646972656,102.97779083251953,55.91092300415039,170.8213653564453,325.2001037597656,163.41758728027344,248.38514709472656,18.910999298095703,15.73668384552002,151.6456756591797,203.68260192871094,37.13103485107422,73.91907501220703
2022-07-18,144.1758270263672,113.76000213623047,29.285932540893555,118.74787902832031,93.4981689453125,108.13624572753906,272.8518371582031,266.3667297363281,101.92021179199219,55.15053939819336,171.5508270263672,323.6745300292969,165.9278564453125,245.99533081054688,19.091999053955078,16.07513999938965,149.1111297607422,200.93824768066406,37.18519592285156,75.28309631347656
2022-07-19,148.0284423828125,118.20999908447266,30.27544593811035,123.02718353271484,97.31822204589844,112.8770751953125,288.05859375,272.5294494628906,104.44563293457031,55.937767028808594,175.3024139404297,332.8369140625,174.41128540039062,251.10391235351562,20.163000106811523,16.964710235595703,150.70628356933594,207.1930389404297,38.72895050048828,77.18046569824219
2022-07-20,150.0282745361328,122.7699966430664,30.28451919555664,124.65210723876953,100.97216033935547,112.9663314819336,291.1379699707031,274.7744140625,104.42742156982422,55.01634979248047,177.3917694091797,333.7071838378906,181.66439819335938,253.75489807128906,21.643999099731445,17.778392791748047,149.1111297607422,206.91183471679688,38.566436767578125,78.02861785888672
2022-07-21,152.2928466796875,124.62999725341797,30.54779052734375,123.69925689697266,101.78307342529297,113.4027328491211,295.7480773925781,277.2286376953125,105.13854217529297,54.891117095947266,179.7411346435547,339.2320251464844,181.7437744140625,256.24151611328125,22.38800048828125,18.02100372314453,149.33270263671875,209.646484375,39.07200241088867,76.72579956054688
2022-07-22,151.0576629638672,122.41999816894531,30.348064422607422,122.66983795166016,100.35665893554688,107.01553344726562,293.3841552734375,278.673828125,104.62798309326172,55.096858978271484,181.616943359375,336.2593688964844,167.95199584960938,251.9069061279297,22.04400062561035,17.29118537902832,150.3075408935547,207.23182678222656,38.972686767578125,76.13998413085938
2022-07-25,149.94009399414062,121.13999938964844,30.62041664123535,126.3195571899414,100.32735443115234,106.62871551513672,293.5562438964844,278.27386474609375,105.04737854003906,55.63361358642578,180.89260864257812,336.58209228515625,165.35238647460938,250.42660522460938,21.85099983215332,16.996652603149414,150.52024841308594,207.78457641601562,39.270599365234375,78.67565155029297
2022-07-26,148.61663818359375,114.80999755859375,30.003103256225586,125.33270263671875,97.48429870605469,104.15911865234375,288.5114440917969,271.0296325683594,103.40629577636719,56.54607009887695,175.13525390625,333.7170104980469,157.91078186035156,243.72158813476562,21.391000747680664,16.50644302368164,152.27487182617188,206.0584716796875,38.72895050048828,78.36961364746094
2022-07-27,153.70449829101562,120.97000122070312,30.49332046508789,126.98314666748047,101.11871337890625,112.13322448730469,293.93670654296875,271.6931457519531,105.06558990478516,56.367156982421875,176.36099243164062,335.66290283203125,168.25961303710938,260.0148620605469,22.674999237060547,17.761428833007812,152.0621795654297,204.09959411621094,39.4601936340332,80.0658950805664
2022-07-28,154.25350952148438,122.27999877929688,30.248205184936523,127.94448852539062,102.48651123046875,113.28372192382812,298.0756530761719,272.34765625,104.67356872558594,57.306461334228516,177.17819213867188,344.6395263671875,159.4685821533203,267.4359130859375,22.601999282836914,17.955108642578125,154.94232177734375,204.9529571533203,39.10810852050781,81.00146484375
2022-07-29,159.31192016601562,134.9499969482422,30.693044662475586,139.3360595703125,103.65888977050781,115.36650085449219,301.95208740234375,273.538330078125,105.17501831054688,57.404869079589844,177.8560791015625,345.9497985839844,157.86117553710938,271.6252136230469,22.489999771118164,18.13382339477539,155.04864501953125,205.68997192382812,39.604618072509766,84.75251770019531
2022-08-01,158.3316192626953,135.38999938964844,30.602258682250977,136.55410766601562,103.77613830566406,113.91846466064453,300.765625,277.97393798828125,104.12655639648438,57.71796417236328,180.2332763671875,342.77178955078125,158.6847381591797,268.9839172363281,22.621000289916992,18.411378860473633,156.81216430664062,204.96267700195312,39.30672073364258,82.61029815673828
2022-08-02,156.8611602783203,134.16000366210938,29.9940185546875,135.38858032226562,102.30087280273438,114.18624877929688,296.9617004394531,273.3293151855469,102.50369262695312,56.93074417114258,174.53164672851562,341.2757263183594,158.94271850585938,265.8974304199219,22.142000198364258,18.496240615844727,155.5183563232422,200.0170135498047,38.71089172363281,82.25181579589844
2022-08-03,162.86073303222656,139.52000427246094,30.53870964050293,132.1727294921875,106.51170349121094,117.11207580566406,301.75286865234375,278.473876953125,103.57952880859375,57.18122482299805,181.46835327148438,346.2822570800781,167.4856719970703,273.2990417480469,22.67300033569336,18.862651824951172,156.70582580566406,202.16983032226562,39.62268829345703,79.58497619628906
2022-08-04,162.54702758789062,142.57000732421875,30.320831298828125,128.5825958251953,105.6324234008789,117.22116088867188,300.575439453125,279.2010803222656,102.43988037109375,56.957576751708984,183.0841522216797,348.1792907714844,169.24188232421875,274.4407958984375,22.990999221801758,19.184131622314453,155.85508728027344,207.00881958007812,38.8773193359375,76.23616790771484
2022-08-05,162.3212432861328,140.8000030517578,30.829208374023438,130.7094268798828,104.17668914794922,116.507080078125,303.11138916015625,281.49163818359375,105.53970336914062,56.698150634765625,184.86709594726562,349.5873718261719,165.808837890625,273.7248229980469,22.67799949645996,18.958499908447266,154.68533325195312,209.33615112304688,39.777225494384766,77.33784484863281
2022-08-08,161.8500213623047,139.41000366210938,30.40254020690918,130.51377868652344,106.59963989257812,116.33846282958984,303.1204528808594,283.56402587890625,104.25415802001953,56.33137893676758,187.4300079345703,344.35595703125,168.92434692382812,271.2189636230469,23.349000930786133,17.764419555664062,154.0650177001953,206.8633575439453,39.25909423828125,77.77505493164062
2022-08-09,161.89907836914062,137.8300018310547,30.792892456054688,132.21527099609375,105.6421890258789,115.67394256591797,304.87750244140625,277.4195251464844,105.19324493408203,56.4029426574707,181.26405334472656,338.86041259765625,167.2177276611328,273.1346130371094,22.993999481201172,17.058551788330078,154.64102172851562,203.89596557617188,39.449981689453125,79.2090072631836
2022-08-10,166.13999938964844,142.69000244140625,31.836877822875977,132.56411743164062,109.84326171875,118.71878051757812,315.10296630859375,283.20947265625,107.93750762939453,56.93968200683594,187.04925537109375,345.54888916015625,176.9513702392578,279.7718505859375,24.410999298095703,18.067930221557617,155.9171600341797,205.68023681640625,40.29533767700195,79.96096801757812
2022-08-11,165.40370178222656,140.63999938964844,32.59943389892578,135.79693603515625,114.98224639892578,117.86583709716797,318.5174255371094,282.4006042480469,109.53300476074219,56.55502700805664,187.74571228027344,342.81097412109375,176.10801696777344,277.701416015625,24.270000457763672,17.91317367553711,155.11953735351562,205.05368041992188,41.13161087036133,82.2740707397461
2022-08-12,168.9475860595703,143.5500030517578,32.95348358154297,135.9925994873047,118.77296447753906,120.68256378173828,320.4556579589844,286.21807861328125,111.34730529785156,56.984413146972656,191.72947692871094,346.419189453125,179.09458923339844,282.4326171875,24.93000030517578,18.6789493560791,157.14892578125,205.2965545654297,41.75879669189453,82.98918914794922
2022-08-15,170.01759338378906,143.17999267578125,32.9080924987793,133.4063262939453,121.40107727050781,121.07928466796875,322.2941589355469,285.963623046875,111.64815521240234,57.7000732421875,193.1873321533203,351.97332763671875,179.48150634765625,283.94195556640625,24.910999298095703,19.001426696777344,158.87701416015625,210.24119567871094,41.58610153198242,81.50597381591797
2022-08-16,169.8605499267578,144.77999877929688,33.26213836669922,133.06602478027344,122.08496856689453,120.702392578125,321.4971618652344,297.57086181640625,112.71485137939453,58.17420196533203,198.8332977294922,351.2886962890625,178.07260131835938,283.20660400390625,24.569000244140625,18.848678588867188,159.7986602783203,210.94068908691406,41.867889404296875,80.74671936035156
2022-08-17,171.3527069091797,142.10000610351562,33.053340911865234,134.16351318359375,119.98443603515625,118.57002258300781,320.3830871582031,296.0984191894531,111.76667785644531,58.040016174316406,199.9940643310547,347.4556579589844,173.4885711669922,282.4600524902344,24.114999771118164,18.3055477142334,159.7100830078125,208.39547729492188,41.94060134887695,81.40003967285156
2022-08-18,170.9600067138672,142.3000030517578,32.93531799316406,136.5157470703125,119.84765625,119.1849365234375,321.089599609375,295.598388671875,110.90055847167969,58.344173431396484,201.0155487060547,349.4406433105469,173.300048828125,281.34503173828125,24.517000198364258,18.74284553527832,159.8695526123047,209.1046142578125,41.94060134887695,83.32467651367188
2022-08-19,168.37823486328125,138.22999572753906,32.209075927734375,135.3739471435547,117.37586975097656,116.24920654296875,316.3346862792969,292.0626525878906,108.15631103515625,58.299434661865234,196.27032470703125,346.42889404296875,166.65220642089844,277.4472961425781,24.115999221801758,17.82032585144043,159.66575622558594,206.74400329589844,41.222503662109375,83.05982208251953
2022-08-22,164.50057983398438,133.22000122070312,31.519145965576172,134.69573974609375,113.27249908447266,113.30355072021484,310.13055419921875,283.78216552734375,106.3693618774414,57.43170166015625,194.99815368652344,337.8533020019531,161.78042602539062,269.302734375,22.65399932861328,17.006641387939453,158.14151000976562,202.65420532226562,40.36805725097656,82.99801635742188
2022-08-23,164.16680908203125,133.6199951171875,31.23772430419922,139.06544494628906,112.21734619140625,112.9266586303711,308.1018371582031,278.9556579589844,105.32088470458984,57.494319915771484,192.6580810546875,333.3356628417969,159.8555145263672,268.0326232910156,22.454999923706055,17.153404235839844,158.0706024169922,200.89588928222656,40.331703186035156,86.52064514160156
2022-08-24,164.46128845214844,133.8000030517578,31.337581634521484,140.09561157226562,113.731689453125,112.75804901123047,309.6958923339844,280.0555114746094,105.57616424560547,57.5748405456543,193.53094482421875,332.1817321777344,161.98880004882812,267.4023742675781,22.961000442504883,17.194332122802734,158.8592987060547,200.7695770263672,40.57712936401367,87.0326919555664
2022-08-25,166.9154815673828,137.27999877929688,31.900419235229492,141.32322692871094,114.75752258300781,115.69379425048828,313.8167724609375,281.5733947753906,108.08338165283203,57.852149963378906,195.89889526367188,337.0318908691406,167.46580505371094,270.3692626953125,23.398000717163086,17.88422393798828,158.86817932128906,203.82965087890625,41.25886535644531,87.48297882080078
2022-08-26,160.62290954589844,130.75,30.89275550842285,140.28448486328125,111.44551849365234,109.4355239868164,304.6783142089844,270.9569091796875,104.54593658447266,56.45661544799805,186.6407012939453,324.6035461425781,160.52032470703125,259.9365539550781,22.327999114990234,16.2338809967041,155.11953735351562,197.09751892089844,39.96810531616211,86.40587615966797
2022-08-29,158.42393493652344,129.7899932861328,30.774736404418945,141.33180236816406,110.9179458618164,108.52305603027344,302.43218994140625,269.3389587402344,104.29063415527344,56.11668014526367,186.7149658203125,322.0513610839844,157.93064880371094,257.1635437011719,22.457000732421875,15.775617599487305,154.63214111328125,196.55349731445312,39.92265319824219,88.39231872558594
2022-08-30,155.99920654296875,128.72999572753906,30.947223663330078,137.88931274414062,109.84326171875,108.04698944091797,302.16949462890625,266.4122314453125,104.30888366699219,55.59783172607422,183.13987731933594,320.5455017089844,155.93629455566406,254.9722900390625,22.065000534057617,15.443153381347656,153.30287170410156,195.630615234375,40.12263488769531,85.02861022949219
2022-08-31,154.34014892578125,126.7699966430664,30.511472702026367,135.69158935546875,109.50131225585938,107.33290100097656,303.5747985839844,263.86883544921875,103.68891906738281,55.20421600341797,180.27975463867188,317.1817626953125,161.66136169433594,253.51783752441406,22.356000900268555,15.069750785827637,152.664794921875,193.03683471679688,39.73176574707031,84.39295196533203
2022-09-01,155.0666046142578,127.81999969482422,30.584575653076172,133.5281982421875,109.94096374511719,108.8404312133789,304.3321838378906,268.3974609375,104.4000473022461,55.46363830566406,181.78407287597656,318.042236328125,164.0724639892578,252.48040771484375,23.003999710083008,13.914613723754883,154.20823669433594,194.41632080078125,39.72267150878906,82.87442779541016
2022-09-02,152.95596313476562,127.51000213623047,30.54802131652832,135.51132202148438,108.64154052734375,106.96592712402344,302.48883056640625,267.0525817871094,103.67068481445312,54.70325469970703,181.55194091796875,315.4118347167969,159.07168579101562,248.2724151611328,22.611000061035156,13.625079154968262,152.25440979003906,192.11398315429688,39.43180465698242,84.39295196533203
2022-09-06,151.69943237304688,126.11000061035156,30.209924697875977,134.88461303710938,107.55709075927734,105.9344482421875,297.935302734375,264.89349365234375,103.69803619384766,54.7300910949707,179.18397521972656,316.8981018066406,157.3055419921875,245.54786682128906,21.839000701904297,13.44336986541748,151.22842407226562,192.96884155273438,38.97731018066406,83.8279037475586
2022-09-07,153.10324096679688,129.47999572753906,30.675954818725586,133.15904235839844,110.09727478027344,108.55280303955078,301.6492919921875,272.1484680175781,105.66734313964844,55.7409553527832,186.92857360839844,321.33758544921875,159.14112854003906,250.24066162109375,22.895999908447266,13.696041107177734,154.56507873535156,194.69801330566406,39.84994125366211,83.11278533935547
2022-09-08,151.63067626953125,129.82000732421875,31.66284942626953,133.88015747070312,109.74556732177734,107.49159240722656,306.04779052734375,274.37158203125,108.12895965576172,55.570987701416016,189.78866577148438,322.7554016113281,160.79815673828125,250.6575927734375,22.743999481201172,13.9716796875,154.0476531982422,194.97976684570312,41.11341857910156,83.7926025390625
2022-09-09,154.48739624023438,133.27000427246094,31.927854537963867,137.33128356933594,112.52999114990234,109.74296569824219,310.35498046875,274.2526550292969,108.64862060546875,55.749908447265625,190.9679718017578,328.4073181152344,167.83291625976562,256.4169616699219,23.35700035095215,14.368159294128418,154.538330078125,199.341552734375,41.204315185546875,85.19636535644531
2022-09-12,160.43638610839844,136.4499969482422,32.229408264160156,139.5032501220703,113.71215057373047,109.95124053955078,312.6180725097656,272.2125549316406,109.93413543701172,55.91092300415039,191.66445922851562,330.92041015625,167.64442443847656,258.5403747558594,23.652999877929688,14.486003875732422,155.14498901367188,200.73074340820312,41.38611602783203,86.17632293701172
2022-09-13,151.02207946777344,126.81999969482422,31.068883895874023,136.85055541992188,109.18866729736328,103.46487426757812,299.6691589355469,254.27175903320312,106.11406707763672,54.09494400024414,179.80615234375,318.22808837890625,151.93771362304688,244.32615661621094,21.812999725341797,13.113802909851074,149.35496520996094,193.96945190429688,39.28635787963867,84.16341400146484
2022-09-14,152.46510314941406,128.5500030517578,30.950096130371094,140.16429138183594,109.9116439819336,104.13928985595703,298.63800048828125,252.81712341308594,105.86791229248047,54.38119888305664,178.65469360351562,318.6289367675781,150.2906036376953,244.54922485351562,22.41200065612793,13.110807418823242,150.4879608154297,193.71685791015625,39.34090042114258,86.22930908203125
2022-09-15,149.5789794921875,126.27999877929688,31.534921646118164,137.88931274414062,108.221435546875,102.06642150878906,302.6166076660156,248.42568969726562,107.46340942382812,53.64230728149414,177.40103149414062,309.9359436035156,148.3855743408203,237.91722106933594,23.538000106811523,12.912066459655762,147.98992919921875,189.79225158691406,40.12263488769531,83.72196960449219
2022-09-16,147.93959045410156,123.52999877929688,31.178539276123047,134.30941772460938,105.7594223022461,101.95732116699219,297.6797790527344,252.47862243652344,106.74314880371094,53.65131378173828,178.11610412597656,308.1465759277344,145.15090942382812,237.29666137695312,24.01300048828125,13.180713653564453,148.96238708496094,187.78125,39.94083786010742,82.29174041748047
2022-09-19,151.65032958984375,124.66000366210938,31.699399948120117,134.69573974609375,106.65826416015625,102.2251205444336,299.9154968261719,256.5498046875,107.72781372070312,54.05680847167969,181.17120361328125,307.07086181640625,146.86746215820312,237.08338928222656,24.363000869750977,13.36447525024414,150.5325469970703,187.61619567871094,40.2862434387207,82.28289794921875
2022-09-20,154.02598571777344,122.19000244140625,31.224227905273438,134.16351318359375,105.0950698852539,100.31092834472656,294.9877624511719,250.8318328857422,105.603515625,53.9757194519043,176.8160400390625,306.3277587890625,144.9524688720703,235.0763397216797,24.28499984741211,13.158742904663086,150.70205688476562,186.58644104003906,39.45907211303711,81.61190795898438
2022-09-21,150.9042510986328,118.54000091552734,30.292165756225586,133.07322692871094,102.0859375,98.46617126464844,292.66082763671875,248.45309448242188,102.55839538574219,53.52516174316406,174.91236877441406,297.7520446777344,141.0133819580078,231.6827850341797,23.687000274658203,13.243632316589355,150.2738494873047,181.68055725097656,38.42282485961914,80.29644775390625
2022-09-22,149.9422149658203,117.30999755859375,29.698200225830078,132.97021484375,99.8095474243164,99.31912994384766,285.5521240234375,246.22998046875,101.39141082763672,53.39900207519531,174.6895294189453,291.7480773925781,141.7079620361328,233.65103149414062,23.704999923706055,12.544550895690918,150.41659545898438,180.48570251464844,37.74109649658203,79.96097564697266
2022-09-23,147.67449951171875,113.77999877929688,28.99458122253418,124.2823715209961,97.21073913574219,97.93059539794922,275.559814453125,247.8767852783203,99.5041732788086,52.80428695678711,174.69883728027344,287.07403564453125,139.31671142578125,230.6841278076172,22.641000747680664,12.499608993530273,150.34519958496094,178.7079620361328,36.73210906982422,75.70555877685547
2022-09-26,148.00827026367188,115.1500015258789,28.35492706298828,121.01158142089844,95.86249542236328,97.36528015136719,268.85260009765625,243.8878936767578,97.36165618896484,52.146480560302734,172.73944091796875,283.68096923828125,135.30816650390625,230.2283935546875,22.406999588012695,12.211986541748047,150.28274536132812,175.4341583251953,36.368526458740234,74.14291381835938
2022-09-27,148.98016357421875,114.41000366210938,27.93458366394043,121.06307220458984,93.64472961425781,96.70076751708984,265.89599609375,245.81829833984375,96.504638671875,50.803855895996094,174.2716522216797,280.1313781738281,133.353515625,229.2200164794922,22.43600082397461,12.396743774414062,148.10594177246094,172.7917938232422,36.38669967651367,75.69674682617188
2022-09-28,147.09532165527344,118.01000213623047,28.3914794921875,125.14944458007812,97.11305236816406,99.22987365722656,274.4830017089844,258.16912841796875,98.4556884765625,51.344512939453125,180.6419219970703,283.7493896484375,140.50735473632812,233.7383270263672,24.520000457763672,12.719321250915527,150.47901916503906,174.064453125,37.095706939697266,78.4512710571289
2022-09-29,139.87014770507812,114.80000305175781,28.016822814941406,124.2823715209961,95.20790100097656,96.62142944335938,270.2123107910156,254.63766479492188,96.78727722167969,50.975059509277344,176.8624725341797,280.4149475097656,135.34786987304688,230.27691650390625,23.97100067138672,12.203998565673828,148.64120483398438,174.91929626464844,36.813926696777344,78.29234313964844
2022-09-30,135.6685028076172,113.0,27.596479415893555,123.33804321289062,92.15969848632812,94.86593627929688,267.4199523925781,252.45114135742188,95.27384948730469,50.479454040527344,174.40162658691406,278.038818359375,134.62351989746094,225.81678771972656,23.54400062561035,12.123102188110352,145.6525115966797,172.57806396484375,36.55940628051758,77.08282470703125
2022-10-03,139.84066772460938,115.87999725341797,28.40975570678711,130.2574005126953,94.89527130126953,97.8314208984375,272.9864196777344,259.5506286621094,98.21866607666016,51.047149658203125,180.07545471191406,284.0427551269531,137.53073120117188,233.4183349609375,23.90399932861328,12.495614051818848,147.42787170410156,176.4639129638672,37.795631408691406,81.15283203125
2022-10-04,143.42381286621094,121.08999633789062,29.588542938232422,135.3224639892578,99.10610961914062,100.80683898925781,287.3315734863281,264.9117736816406,102.81367492675781,51.164283752441406,183.3255615234375,294.5937194824219,139.18772888183594,241.31080627441406,24.073999404907227,13.149755477905273,149.0872802734375,180.3496856689453,39.57724380493164,84.11043548583984
2022-10-05,143.7183380126953,120.94999694824219,29.16819953918457,136.09506225585938,98.4808349609375,100.59855651855469,281.9749450683594,265.17706298828125,101.54426574707031,50.67770004272461,184.82064819335938,297.4587097167969,137.89784240722656,241.62103271484375,23.67300033569336,13.191699028015137,148.09698486328125,182.31202697753906,39.3681755065918,87.50944519042969
2022-10-06,142.76609802246094,120.30000305175781,28.74785804748535,138.57606506347656,97.73832702636719,100.58863830566406,278.0236511230469,265.67108154296875,99.47455596923828,49.58736038208008,185.7028045654297,293.0709533691406,137.98712158203125,239.2843475341797,24.00200080871582,13.112805366516113,145.2421112060547,180.2914581298828,38.39556121826172,90.10506439208984
2022-10-07,137.52394104003906,114.55999755859375,28.09906768798828,137.3827667236328,94.9245834350586,97.87107849121094,274.74761962890625,260.11785888671875,97.4876480102539,49.118797302246094,183.13055419921875,288.8986511230469,132.41090393066406,227.1160430908203,22.475000381469727,12.060184478759766,144.18045043945312,178.5816650390625,37.98651885986328,89.19571685791016
2022-10-10,137.84786987304688,113.66999816894531,28.016822814941406,134.90179443359375,92.97059631347656,97.05782318115234,274.2548828125,258.4161071777344,96.57697296142578,49.01066589355469,180.98548889160156,285.7742614746094,132.7482452392578,222.2777862548828,22.99799919128418,11.654716491699219,144.36781311035156,176.978759765625,37.67745590209961,87.26224517822266
2022-10-11,136.43423461914062,112.20999908447266,27.203554153442383,134.9275360107422,90.95799255371094,96.38339233398438,268.4784851074219,258.8096008300781,93.7897720336914,49.091758728027344,182.40625,280.1622009277344,127.53913116455078,218.5545654296875,21.429000854492188,11.570826530456543,145.05474853515625,174.0255584716797,36.56849670410156,86.52064514160156
2022-10-12,135.8059539794922,112.9000015258789,27.285795211791992,135.33103942871094,91.2608642578125,96.76026916503906,269.4822692871094,256.6412353515625,95.30756378173828,49.68648910522461,180.02902221679688,277.5471496582031,126.50724029541016,218.88424682617188,22.086999893188477,11.484941482543945,151.12139892578125,173.15127563476562,36.82300567626953,86.9002685546875
2022-10-13,140.37078857421875,112.52999877929688,28.958030700683594,141.88983154296875,94.41654968261719,98.24797821044922,280.2137756347656,258.75469970703125,100.60601043701172,50.34429168701172,179.3697052001953,287.9093933105469,129.27549743652344,227.1160430908203,23.250999450683594,11.944337844848633,155.77842712402344,179.3879852294922,38.52281951904297,89.93734741210938
2022-10-14,135.84523010253906,106.9000015258789,28.967172622680664,137.4772186279297,92.27693939208984,95.76846313476562,273.75299072265625,252.89942932128906,102.2801742553711,49.54231643676758,175.4695281982422,282.7479248046875,125.77300262451172,221.60874938964844,23.0,11.212295532226562,151.83511352539062,177.4062042236328,39.24091339111328,87.5712661743164
2022-10-17,139.80145263671875,113.79000091552734,30.721647262573242,138.48162841796875,95.09066772460938,99.15052032470703,279.8851623535156,257.3183288574219,106.575927734375,50.182090759277344,180.2332763671875,288.9671630859375,132.99630737304688,230.30596923828125,24.510000228881836,11.872431755065918,154.1011505126953,179.9611358642578,39.959014892578125,88.833740234375
2022-10-18,141.1168975830078,116.36000061035156,31.873023986816406,139.69212341308594,96.2142105102539,99.94396209716797,286.4008483886719,260.7948303222656,109.31713104248047,50.85791778564453,180.38267517089844,294.1972961425781,131.76596069335938,231.2464599609375,24.086000442504883,11.951327323913574,156.17987060546875,181.82630920410156,40.604393005371094,88.99267578125
2022-10-19,141.22486877441406,115.06999969482422,30.995779037475586,144.22491455078125,96.71247863769531,98.81330108642578,284.4935302734375,252.03945922851562,107.1738510131836,50.42538833618164,171.73704528808594,291.6312561035156,132.19261169433594,229.2879180908203,27.238000869750977,12.035218238830566,154.6632080078125,181.0880126953125,39.64996337890625,91.6324462890625
2022-10-20,140.7634735107422,115.25,30.79474639892578,145.04905700683594,96.32167053222656,99.15052032470703,283.62664794921875,246.52276611328125,106.82430267333984,49.632423400878906,166.47117614746094,290.181640625,130.505859375,228.9678955078125,26.81599998474121,12.178030014038086,152.96812438964844,181.87489318847656,39.6772346496582,91.75602722167969
2022-10-21,144.57240295410156,119.31999969482422,31.93698501586914,148.68043518066406,99.69231414794922,100.30101776123047,296.6668395996094,252.07608032226562,112.43550109863281,50.42538833618164,170.2711639404297,296.1462707519531,128.99769592285156,234.75636291503906,28.957000732421875,12.449673652648926,154.39556884765625,184.93495178222656,40.74983596801758,93.45995330810547
2022-10-24,146.7124481201172,119.81999969482422,32.0466423034668,148.62889099121094,99.3796615600586,101.67960357666016,299.9519958496094,259.1480712890625,112.57347869873047,51.87615203857422,175.16354370117188,299.3098449707031,128.70994567871094,239.73033142089844,28.2450008392334,12.582502365112305,158.51731872558594,185.26522827148438,41.08616256713867,94.11327362060547
2022-10-25,149.54953002929688,120.5999984741211,32.339054107666016,150.17416381835938,101.95893096923828,103.6235580444336,303.3283996582031,265.5522155761719,112.86783599853516,53.119667053222656,180.98953247070312,305.000244140625,136.4392852783203,243.03660583496094,29.101999282836914,13.243632316589355,159.04368591308594,188.83047485351562,41.240684509277344,93.47760772705078
2022-10-26,146.6143035888672,115.66000366210938,32.62233352661133,152.0284881591797,102.22270965576172,94.1518325805664,306.3306579589844,265.45159912109375,114.16485595703125,53.51614761352539,180.70945739746094,312.9334716796875,128.80917358398438,224.28485107421875,29.86199951171875,12.879108428955078,159.7574005126953,197.5249786376953,41.54065704345703,94.59002685546875
2022-10-27,142.1476593017578,110.95999908447266,32.777671813964844,152.72386169433594,102.0370864868164,91.46405029296875,307.6903381347656,266.2840881347656,114.6156005859375,53.64230728149414,180.81216430664062,312.7964172363281,97.17741394042969,219.8538360595703,29.694000244140625,13.158742904663086,159.587890625,198.45753479003906,41.495201110839844,94.9520034790039
2022-10-28,152.88726806640625,103.41000366210938,33.06095504760742,154.5094757080078,103.51234436035156,95.50069427490234,311.9245300292969,273.2280578613281,115.97699737548828,54.75064468383789,185.54583740234375,322.68853759765625,98.4275894165039,228.6964569091797,29.57200050354004,13.81588363647461,162.57656860351562,203.36334228515625,42.1314811706543,97.7330093383789
2022-10-31,150.53121948242188,102.44000244140625,32.933021545410156,155.29930114746094,104.08876037597656,93.73527526855469,314.3792724609375,270.92254638671875,115.79300689697266,53.93064880371094,182.01657104492188,321.4250793457031,92.43463134765625,225.07017517089844,29.187999725341797,13.479323387145996,161.9967041015625,201.24557495117188,41.80426025390625,97.83011627197266
2022-11-01,147.8905029296875,96.79000091552734,33.07923126220703,156.4324951171875,103.56120300292969,89.7283935546875,318.0933532714844,270.8584899902344,117.88113403320312,53.741424560546875,180.70945739746094,326.33197021484375,94.4587173461914,221.23060607910156,28.674999237060547,13.525263786315918,161.26515197753906,201.0221710205078,42.676883697509766,98.80128479003906
2022-11-02,142.37339782714844,92.12000274658203,32.97871017456055,153.2389678955078,99.47736358642578,86.25707244873047,319.1974792480469,264.1524353027344,116.79569244384766,52.99351119995117,173.38958740234375,313.23712158203125,89.83502197265625,213.4061279296875,27.299999237060547,13.201687812805176,159.0169219970703,195.212890625,42.61325454711914,96.77069854736328
2022-11-03,136.3360595703125,89.30000305175781,32.795955657958984,155.49676513671875,96.96649932861328,82.74610137939453,318.3579406738281,257.537841796875,117.00724792480469,52.96648406982422,167.89035034179688,302.806396484375,88.21771240234375,207.7340087890625,26.9060001373291,13.403422355651855,158.60653686523438,189.18992614746094,41.66181945800781,98.0861587524414
2022-11-04,136.070556640625,90.9800033569336,33.61835861206055,157.4626922607422,97.28890228271484,85.87028503417969,326.60723876953125,259.8525390625,120.2083740234375,53.39900207519531,170.06578063964844,311.8169860839844,90.08308410644531,214.6568603515625,26.07900047302246,14.13746166229248,159.49864196777344,191.35623168945312,42.75962448120117,99.1544189453125
2022-11-07,136.6016082763672,90.52999877929688,33.819400787353516,159.34275817871094,98.11933898925781,87.7646255493164,330.8506164550781,265.5613708496094,120.84310150146484,53.606266021728516,174.1832275390625,318.4378662109375,95.9668960571289,220.93975830078125,25.860000610351562,14.282269477844238,160.77444458007812,194.38719177246094,43.061519622802734,100.32864379882812
2022-11-08,137.17189025878906,89.9800033569336,33.91077423095703,159.1109619140625,97.6015396118164,88.1712646484375,332.1828918457031,266.3572998046875,120.91668701171875,53.70538330078125,175.86378479003906,319.04510498046875,95.71885681152344,221.9093475341797,26.34600067138672,14.582877159118652,161.22055053710938,196.0191650390625,43.16215515136719,100.64646911621094
2022-11-09,132.61917114257812,86.13999938964844,33.371639251708984,152.74960327148438,84.75408935546875,86.60420989990234,330.3396301269531,262.3409729003906,119.3437271118164,52.95746994018555,174.24856567382812,309.1431884765625,100.67992401123047,217.6819305419922,25.465999603271484,13.757957458496094,159.2935028076172,188.8144073486328,42.05520248413086,96.14386749267578
2022-11-10,144.41888427734375,96.62999725341797,34.84284210205078,155.64271545410156,88.37873077392578,93.16995239257812,345.22314453125,285.16717529296875,124.25581359863281,54.85879135131836,190.76499938964844,330.3279113769531,110.99893951416016,235.59022521972656,27.496999740600586,15.729373931884766,162.103759765625,200.14735412597656,43.866580963134766,97.55644989013672
2022-11-11,147.20167541503906,100.79000091552734,35.09870147705078,160.0724639892578,92.82405853271484,95.61971282958984,351.4831237792969,288.13140869140625,124.45819091796875,55.25526428222656,195.15316772460938,332.306396484375,112.13997650146484,239.5946044921875,29.01300048828125,16.305618286132812,158.84742736816406,199.59239196777344,43.50064468383789,100.60232543945312
2022-11-14,145.80535888671875,98.48999786376953,34.50474166870117,160.14974975585938,92.11083984375,94.91552734375,348.9188537597656,280.7940673828125,123.1795654296875,54.72362518310547,191.08241271972656,332.3847351074219,113.33064270019531,234.20370483398438,29.927000045776367,16.27366065979004,157.66973876953125,201.4033203125,42.87855911254883,100.89602661132812
2022-11-15,147.5359649658203,98.94000244140625,34.44990921020508,161.4374542236328,93.31254577636719,97.633056640625,349.3934326171875,285.3775634765625,122.28729248046875,54.63351058959961,194.985107421875,336.43951416015625,116.16836547851562,234.61093139648438,31.020000457763672,16.64417266845703,158.08018493652344,204.4507598876953,42.732177734375,101.5723876953125
2022-11-16,146.30685424804688,97.12000274658203,34.13923263549805,158.8105010986328,91.78842163085938,98.03971099853516,348.8914794921875,288.10394287109375,122.452880859375,54.534400939941406,200.8577880859375,335.7049560546875,112.34833526611328,235.03872680664062,30.601999282836914,15.889163970947266,159.0972137451172,204.59681701660156,42.274757385253906,100.48662567138672
2022-11-17,148.2046661376953,94.8499984741211,33.96560287475586,159.26034545898438,89.345947265625,97.55372619628906,346.5645446777344,284.9292297363281,121.91934967041016,54.705596923828125,194.5742645263672,334.24560546875,110.58220672607422,234.99014282226562,29.527999877929688,15.656469345092773,160.61387634277344,205.42440795898438,42.07350158691406,100.6201400756836
2022-11-18,148.76515197753906,94.13999938964844,33.9838752746582,158.3087158203125,89.68790435791016,96.63134765625,346.03533935546875,286.5211181640625,123.11515808105469,55.09307098388672,196.0027618408203,336.6158142089844,111.17754364013672,234.54287719726562,28.79800033569336,15.38882064819336,161.77365112304688,205.2393798828125,42.540069580078125,99.74795532226562
2022-11-21,145.53985595703125,92.45999908447266,34.09353256225586,156.79476928710938,95.33492279052734,94.81636047363281,346.95697021484375,289.8147888183594,122.38846588134766,55.94010543823242,196.3202362060547,331.2878112792969,109.00458526611328,235.34988403320312,28.5049991607666,15.296940803527832,164.8872833251953,200.87759399414062,42.851112365722656,98.76008605957031
2022-11-22,147.6736602783203,93.19999694824219,34.25802230834961,160.8175506591797,93.9964370727539,96.25445556640625,350.2968444824219,297.2252502441406,124.21903228759766,56.18339920043945,200.2415771484375,337.8596496582031,110.57228088378906,238.2473907470703,28.66900062561035,16.016992568969727,164.9051055908203,204.78179931640625,43.098121643066406,101.61687469482422
2022-11-23,148.548828125,94.12999725341797,34.36766815185547,159.39013671875,96.60501098632812,97.65288543701172,352.4686584472656,294.1421203613281,125.54362487792969,56.43570327758789,197.02047729492188,341.46392822265625,111.36605072021484,240.72683715820312,29.149999618530273,16.497365951538086,165.11920166015625,206.1448516845703,43.299381256103516,101.10961151123047
2022-11-25,145.63821411132812,93.41000366210938,34.44990921020508,158.9229736328125,96.5952377319336,96.66109466552734,354.8503723144531,298.59759521484375,125.78280639648438,56.48976516723633,196.97378540039062,344.0594177246094,110.54251861572266,240.63931274414062,28.554000854492188,16.24869155883789,164.2538299560547,208.15054321289062,43.4000129699707,100.75362396240234
2022-11-28,141.81309509277344,93.94999694824219,33.68232727050781,154.30320739746094,93.48841094970703,95.2626724243164,348.9188537597656,291.7725524902344,123.58431243896484,56.498783111572266,195.1718292236328,337.49725341796875,107.93299102783203,235.0679168701172,28.117000579833984,15.80627155303955,164.05755615234375,205.68724060058594,42.979190826416016,97.72772216796875
2022-11-29,138.8140106201172,92.41999816894531,33.81026077270508,156.6130828857422,92.51140594482422,94.40970611572266,350.1508483886719,289.0644836425781,125.61719512939453,56.300540924072266,193.7059783935547,336.0673522949219,108.6076889038086,233.677490234375,28.09600067138672,15.618517875671387,162.89776611328125,203.5452880859375,43.51893997192383,98.37741088867188
2022-11-30,145.55955505371094,96.54000091552734,34.586978912353516,158.58554077148438,95.61824798583984,100.16215515136719,354.6883544921875,298.2041931152344,127.1073989868164,57.72528839111328,198.448974609375,349.0642395019531,117.1804428100586,248.0775604248047,30.55299949645996,16.90515899658203,165.50283813476562,211.27586364746094,43.866580963134766,99.08935546875
2022-12-01,145.83485412597656,95.5,33.59431457519531,157.8761749267578,96.32167053222656,100.16215515136719,352.5390319824219,301.0390930175781,125.3228530883789,57.888641357421875,201.18460083007812,353.3736572265625,119.50221252441406,247.64004516601562,31.69499969482422,17.11693572998047,166.88531494140625,211.27586364746094,42.87855911254883,98.60879516601562
2022-12-02,145.3431854248047,94.12999725341797,33.162322998046875,156.6130828857422,97.14234924316406,99.61666870117188,349.5721130371094,301.8858337402344,124.32939147949219,58.396827697753906,200.58700561523438,352.6488342285156,122.52845764160156,247.96087646484375,32.04100036621094,16.858211517333984,166.6968231201172,211.91845703125,42.02774429321289,97.772216796875
2022-12-05,144.1829071044922,91.01000213623047,31.68252944946289,152.74598693847656,93.72288513183594,98.66454315185547,341.2686462402344,294.60540771484375,120.84310150146484,57.59825134277344,192.5015411376953,348.7606201171875,121.4767074584961,243.27427673339844,31.259000778198242,16.59248924255371,164.38966369628906,208.0433807373047,39.941917419433594,95.09341430664062
2022-12-06,140.52499389648438,88.25,30.331392288208008,148.80966186523438,90.1666259765625,96.18502807617188,333.3418273925781,292.18475341796875,121.04547882080078,57.57101821899414,188.514892578125,340.3768310546875,113.2314224243164,238.33489990234375,30.555999755859375,15.970147132873535,163.05206298828125,203.5647735595703,39.70405960083008,92.45018005371094
2022-12-07,138.58787536621094,88.45999908447266,30.092418670654297,149.25088500976562,90.02985382080078,94.16175842285156,330.5954895019531,294.66986083984375,120.96268463134766,57.661773681640625,193.1644744873047,340.26904296875,113.04289245605469,237.60568237304688,30.841999053955078,16.103012084960938,163.54583740234375,202.32827758789062,38.834964752197266,92.24549865722656
2022-12-08,140.26931762695312,90.3499984741211,29.816679000854492,150.13330078125,90.420654296875,92.94183349609375,328.90533447265625,298.2962951660156,122.23211669921875,57.906795501708984,190.0553741455078,343.94189453125,114.4319839477539,240.55178833007812,31.025999069213867,17.150901794433594,164.982177734375,203.58424377441406,38.95389175415039,92.9307861328125
2022-12-09,139.78750610351562,89.08999633789062,29.76152992248535,145.3405303955078,91.2315444946289,92.06904602050781,329.8789978027344,294.97357177734375,121.5698013305664,57.29877471923828,188.38412475585938,341.6500244140625,114.99756622314453,238.6266326904297,32.000999450683594,16.983076095581055,164.37171936035156,203.19479370117188,38.88070297241211,92.14759826660156
2022-12-12,142.07862854003906,90.55000305175781,30.08323097229004,146.8544921875,92.48210906982422,92.54510498046875,333.5898132324219,301.8766784667969,123.45555877685547,58.0519905090332,191.4745635986328,350.7977294921875,113.81681823730469,245.52032470703125,31.51799964904785,17.516515731811523,165.15274047851562,208.92945861816406,39.21004104614258,94.41703796386719
2022-12-13,143.04226684570312,92.48999786376953,30.101613998413086,150.12466430664062,92.52118682861328,94.84608459472656,338.6509094238281,306.3959045410156,123.3359375,58.07014465332031,197.20718383789062,349.7987060546875,119.21446990966797,249.8082733154297,32.034000396728516,18.05295181274414,165.06297302246094,207.4202880859375,38.99048614501953,95.44938659667969
2022-12-14,140.82000732421875,91.58000183105469,29.66961669921875,149.0865020751953,91.98383331298828,94.29067993164062,331.0179748535156,306.8929443359375,122.7196273803711,58.07014465332031,198.03814697265625,350.1513977050781,120.64324188232422,250.10000610351562,31.783000946044922,17.655370712280273,164.6051483154297,207.6929473876953,38.58795166015625,94.74632263183594
2022-12-15,134.2220001220703,88.44999694824219,29.20086097717285,147.9705047607422,88.40804290771484,90.11519622802734,321.3275146484375,301.5268859863281,119.67488098144531,57.271549224853516,194.21951293945312,339.12310791015625,115.24561309814453,242.1172332763672,29.041000366210938,16.934127807617188,161.813232421875,202.4256591796875,37.84693908691406,93.83855438232422
2022-12-16,132.26515197753906,87.86000061035156,29.136524200439453,145.9634246826172,88.00747680664062,89.52011108398438,318.1310119628906,297.60589599609375,118.92976379394531,56.94485855102539,192.4642333984375,338.72149658203125,118.50008392333984,237.9167938232422,29.070999145507812,16.553529739379883,161.8939971923828,201.43252563476562,37.68225860595703,93.17996215820312
2022-12-19,130.160888671875,84.91999816894531,29.467409133911133,146.96697998046875,83.80640411376953,87.71504211425781,316.5328063964844,292.07421875,119.63806915283203,57.026527404785156,189.6912841796875,334.23583984375,113.58861541748047,233.79417419433594,28.829999923706055,16.236867904663086,162.791748046875,199.41714477539062,38.25861358642578,93.59825134277344
2022-12-20,130.09205627441406,85.19000244140625,29.586894989013672,149.3806915283203,85.01788330078125,88.29026794433594,316.4225769042969,289.7824401855469,120.21758270263672,56.98115539550781,187.5345001220703,335.8910217285156,116.17829132080078,235.10682678222656,28.819000244140625,16.068042755126953,162.69300842285156,199.94287109375,37.490150451660156,94.95101928710938
2022-12-21,133.18946838378906,86.7699966430664,30.037269592285156,151.13687133789062,84.92018127441406,88.84569549560547,321.6307067871094,293.94268798828125,121.5698013305664,57.8977165222168,189.00035095214844,338.57464599609375,118.82749938964844,237.6639862060547,29.79599952697754,16.48360252380371,163.83306884765625,201.35464477539062,37.61823272705078,96.1702651977539
2022-12-22,130.02322387695312,83.79000091552734,29.77072525024414,148.8702392578125,84.6759262084961,87.04061126708984,317.423828125,290.9605712890625,120.18999481201172,57.48027038574219,185.93795776367188,334.4905090332031,116.20805358886719,231.59677124023438,29.774999618530273,15.32282829284668,162.56729125976562,199.65081787109375,37.2156982421875,94.23013305664062
2022-12-23,129.65939331054688,85.25,29.844255447387695,153.47268676757812,85.985107421875,88.4985580444336,317.3595275878906,293.3629150390625,120.76030731201172,57.915870666503906,188.48684692382812,336.5276794433594,117.12089538574219,232.12179565429688,29.496000289916992,15.189973831176758,163.61766052246094,200.40052795410156,37.490150451660156,96.72206115722656
2022-12-27,127.8599624633789,83.04000091552734,29.89940071105957,155.4019012451172,84.38282775878906,86.67363739013672,314.1080017089844,294.1175537109375,121.18346405029297,58.26978302001953,188.328125,339.0350036621094,115.96994018554688,230.40078735351562,28.41699981689453,14.10611343383789,164.34478759765625,200.84835815429688,37.545040130615234,98.06591033935547
2022-12-28,123.93651580810547,81.81999969482422,30.119993209838867,153.10934448242188,82.23345184326172,85.31486511230469,313.0975341796875,290.6015930175781,121.84576416015625,57.68899917602539,186.78756713867188,334.9117126464844,114.71973419189453,228.0380401611328,27.687999725341797,14.02120304107666,163.15980529785156,199.58265686035156,37.61823272705078,96.4550552368164
2022-12-29,127.44695281982422,84.18000030517578,30.46007537841797,154.2686004638672,85.1741943359375,87.72496032714844,315.448974609375,294.9091491699219,122.54488372802734,58.03384017944336,188.8416290283203,341.0427551269531,119.32362365722656,234.33865356445312,29.11199951171875,14.587604522705078,163.36627197265625,202.5716552734375,37.81034469604492,97.18482971191406
2022-12-30,127.76156616210938,84.0,30.44169044494629,155.28082275390625,84.88109588623047,87.50676727294922,315.403076171875,290.72125244140625,123.3543701171875,57.72528839111328,186.02198791503906,340.5726623535156,119.40298461914062,233.18161010742188,29.488000869750977,14.598594665527344,162.18128967285156,202.27955627441406,37.77375030517578,98.1637954711914
2023-01-03,122.98270416259766,85.81999969482422,30.800153732299805,150.5226287841797,86.92301940917969,88.38948059082031,318.0116882324219,290.7672119140625,124.2926025390625,57.12635040283203,185.83523559570312,339.66180419921875,123.76872253417969,232.94827270507812,29.4950008392334,14.299908638000488,161.05917358398438,201.9193572998047,38.23116683959961,94.79082489013672
2023-01-04,124.25118255615234,85.13999938964844,31.379207611083984,148.92214965820312,89.86376953125,87.35798645019531,319.37115478515625,294.2832946777344,125.45165252685547,57.09912872314453,188.02935791015625,347.8399658203125,126.37825775146484,222.7583770751953,30.94099998474121,14.733451843261719,160.66416931152344,207.00164794921875,39.01793670654297,95.06671142578125
2023-01-05,122.93354797363281,83.12000274658203,31.314861297607422,151.60403442382812,89.80513763427734,85.49339294433594,315.7521057128906,290.3623046875,125.42384338378906,56.445735931396484,187.4504852294922,344.5295104980469,125.95159912109375,216.15631103515625,30.969999313354492,14.24996280670166,158.98544311523438,205.54122924804688,38.807518005371094,97.19373321533203
2023-01-06,127.456787109375,86.08000183105469,31.62737274169922,152.74598693847656,91.75912475585938,86.62405395507812,319.7200927734375,292.25830078125,127.82389068603516,57.53472137451172,187.63719177246094,360.68670654296875,129.0076141357422,218.70375061035156,31.55500030517578,14.84333610534668,162.5762939453125,212.00608825683594,39.1551628112793,98.36849212646484
2023-01-09,127.9779052734375,87.36000061035156,31.1494197845459,151.55210876464844,92.58956146240234,87.29846954345703,324.2392578125,292.51605224609375,127.29570770263672,56.817806243896484,186.20870971679688,363.92401123046875,128.46189880371094,220.83314514160156,31.517000198364258,15.611525535583496,160.98731994628906,212.83364868164062,38.78008270263672,96.53516387939453
2023-01-10,128.54823303222656,89.87000274658203,31.360824584960938,152.29612731933594,93.36139678955078,87.69519805908203,328.2439880371094,295.1116638183594,128.43551635742188,56.3822135925293,188.0386505126953,363.9632873535156,131.9544677734375,222.51527404785156,32.75400161743164,15.892230987548828,159.65870666503906,215.25796508789062,38.75263214111328,97.97692108154297
2023-01-11,131.26222229003906,95.08999633789062,31.59980010986328,151.5694122314453,94.11368560791016,90.76978302001953,334.78387451171875,302.8154602050781,129.3899688720703,56.273311614990234,194.75169372558594,370.6830749511719,131.85525512695312,229.24374389648438,32.72600173950195,15.984132766723633,159.83828735351562,216.24131774902344,39.10027313232422,99.1160659790039
2023-01-12,131.18353271484375,95.2699966430664,31.68252944946289,153.1958465576172,97.51360321044922,90.38298797607422,339.799072265625,303.6162414550781,129.2602081298828,55.54732131958008,196.3109130859375,372.59613037109375,135.6455535888672,231.9078826904297,33.01300048828125,16.493595123291016,157.8004608154297,217.72120666503906,39.18260192871094,100.76252746582031
2023-01-13,132.51095581054688,98.12000274658203,32.38106155395508,153.61111450195312,97.11305236816406,91.36487579345703,343.52825927734375,304.8495788574219,132.52207946777344,55.746971130371094,198.08485412597656,368.3875732421875,135.9134063720703,232.60794067382812,33.28200149536133,16.881187438964844,157.31570434570312,217.1759796142578,40.454227447509766,100.7002182006836
2023-01-17,133.6713104248047,96.05000305175781,31.72847557067871,156.1459197998047,97.6113052368164,90.54167938232422,321.41015625,301.4625244140625,130.47413635253906,55.97384262084961,195.6199951171875,367.8774719238281,134.3060302734375,233.69696044921875,32.62200164794922,17.683340072631836,158.0518035888672,217.11756896972656,40.36275100708008,100.50444793701172
2023-01-18,132.95350646972656,95.45999908447266,30.993167877197266,153.3256378173828,96.7613296508789,90.3730697631836,320.6478271484375,297.9281005859375,126.55436706542969,54.2768440246582,194.66766357421875,361.9129638671875,131.98423767089844,229.2826385498047,32.632999420166016,17.358686447143555,154.06593322753906,213.67095947265625,39.685768127441406,98.43970489501953
2023-01-19,133.01248168945312,93.68000030517578,30.542795181274414,154.85690307617188,96.80039978027344,92.28723907470703,322.1725158691406,286.1375732421875,124.86785125732422,54.195167541503906,188.72024536132812,360.9515380859375,135.0898895263672,225.51002502441406,31.577999114990234,16.747329711914062,152.27952575683594,214.5958709716797,39.29238510131836,99.07157897949219
2023-01-20,135.56910705566406,97.25,31.112659454345703,156.50062561035156,101.09918212890625,97.21651458740234,313.98846435546875,289.9296875,125.17365264892578,54.52186584472656,190.96104431152344,369.1331787109375,138.28480529785156,233.57054138183594,34.25,17.82019805908203,152.50392150878906,218.39300537109375,40.179771423339844,100.87820434570312
2023-01-23,138.7550506591797,97.5199966430664,31.54464340209961,156.29299926757812,103.25833129882812,98.97200012207031,320.69378662109375,290.37152099609375,127.20304107666016,54.65798568725586,191.50253295898438,371.37969970703125,142.15444946289062,235.86520385742188,35.742000579833984,19.172767639160156,151.8216552734375,218.2664337158203,41.19525146484375,100.3531265258789
2023-01-24,140.15133666992188,96.31999969482422,31.774431228637695,156.44004821777344,103.56120300292969,96.89912414550781,319.9496765136719,292.4056091308594,128.29652404785156,54.94838333129883,193.70791625976562,372.79229736328125,142.02545166015625,235.3401641845703,36.382999420166016,19.244691848754883,153.2310791015625,217.9840850830078,40.664642333984375,101.28759765625
2023-01-25,139.49249267578125,97.18000030517578,32.050174713134766,154.9261016845703,105.6324234008789,94.43946075439453,321.1438293457031,292.0098571777344,128.91734313964844,55.29323196411133,193.42640686035156,375.1270751953125,140.39822387695312,233.9497528076172,36.79600143432617,19.302629470825195,154.34422302246094,218.9674530029297,41.478851318359375,100.75362396240234
2023-01-26,141.55747985839844,99.22000122070312,32.4821662902832,162.46131896972656,107.17606353759766,96.72059631347656,326.04876708984375,288.83447265625,129.7142791748047,55.18433380126953,189.39102172851562,370.0749206542969,146.153076171875,241.13519287109375,36.48699951171875,19.7811222076416,152.80914306640625,218.78248596191406,41.9088249206543,104.802978515625
2023-01-27,143.4945831298828,102.23999786376953,32.58326721191406,155.24618530273438,107.0197525024414,98.5554428100586,324.8822021484375,291.48516845703125,130.0293731689453,54.8939323425293,190.02915954589844,366.92584228515625,150.55850219726562,241.290771484375,36.07699966430664,20.343536376953125,152.27049255371094,225.33493041992188,42.19243240356445,102.8895492553711
2023-01-30,140.6134796142578,100.55000305175781,32.445396423339844,150.7042999267578,105.11460876464844,96.14537048339844,328.3358459472656,289.23016357421875,128.92662048339844,55.03005599975586,189.48487854003906,364.0711669921875,145.91494750976562,235.99159240722656,35.31100082397461,19.141803741455078,152.14483642578125,223.05665588378906,42.34794998168945,101.06510162353516
2023-01-31,141.88194274902344,103.12999725341797,32.61083984375,150.548583984375,105.99390411376953,98.02978515625,336.0055236816406,298.369873046875,129.6957550048828,55.64714431762695,195.43470764160156,363.5610656738281,147.81005859375,240.950439453125,35.38600158691406,19.516407012939453,153.52732849121094,224.13739013671875,42.87855911254883,103.24552154541016
2023-02-01,143.00291442871094,105.1500015258789,33.015262603759766,148.24734497070312,106.8731918334961,99.60675811767578,335.9136657714844,301.9779357910156,129.35287475585938,55.65623092651367,200.41795349121094,366.9748840332031,151.92771911621094,245.7537078857422,36.19900131225586,20.920923233032227,154.0120849609375,224.80917358398438,43.299381256103516,102.11527252197266
2023-02-02,148.30294799804688,112.91000366210938,33.208274841308594,146.2142791748047,110.60530853271484,106.85682678222656,339.3674011230469,312.7467346191406,128.7505645751953,54.7033576965332,207.9256134033203,367.818603515625,187.3001708984375,257.2756652832031,36.68899917602539,21.68611717224121,152.58473205566406,223.50453186035156,43.48351287841797,98.92028045654297
2023-02-03,151.92152404785156,103.38999938964844,33.484012603759766,146.594970703125,108.16282653808594,103.92108917236328,339.8082580566406,305.1165466308594,130.74288940429688,54.29499435424805,202.6796417236328,366.80816650390625,185.07760620117188,251.19869995117188,36.59000015258789,21.077756881713867,151.8216552734375,224.05947875976562,43.805755615234375,99.60556030273438
2023-02-06,149.19775390625,102.18000030517578,33.42887496948242,146.75933837890625,107.34215545654297,102.05650329589844,340.5889587402344,303.06396484375,131.51199340820312,54.60353469848633,202.58578491210938,365.885986328125,184.6112823486328,249.6624298095703,36.14799880981445,21.066770553588867,154.24551391601562,223.3876953125,43.897823333740234,99.43645477294922
2023-02-07,152.06906127929688,102.11000061035156,33.796531677246094,150.609130859375,109.06166076660156,106.75764465332031,343.89569091796875,299.31793212890625,133.11514282226562,54.512786865234375,201.51593017578125,367.9363098144531,190.12799072265625,260.1537780761719,36.29499816894531,22.149625778198242,154.0120849609375,225.21810913085938,44.312129974365234,102.27545928955078
2023-02-08,149.38461303710938,100.05000305175781,33.54835510253906,147.07080078125,109.20820617675781,98.5554428100586,344.5386657714844,295.25885009765625,132.17921447753906,54.195167541503906,199.6671905517578,363.31573486328125,182.00173950195312,259.3467102050781,36.68299865722656,22.181589126586914,153.6530303955078,224.12762451171875,44.422603607177734,101.38549041748047
2023-02-09,148.35214233398438,98.23999786376953,32.83143997192383,145.72119140625,107.82087707519531,94.23118591308594,338.0079040527344,290.4359436035156,130.12200927734375,54.10442352294922,195.80072021484375,363.3844299316406,176.53463745117188,256.32281494140625,36.25,22.313451766967773,155.1072998046875,223.73745727539062,43.796546936035156,101.76819610595703
2023-02-10,148.71652221679688,97.61000061035156,32.702754974365234,148.7750701904297,105.57379150390625,93.79478454589844,341.0299072265625,291.34716796875,130.696533203125,54.10442352294922,195.93211364746094,359.86260986328125,172.7939910888672,255.8172607421875,34.736000061035156,21.242582321166992,158.177490234375,221.6400604248047,43.741302490234375,106.057861328125
2023-02-13,151.51339721679688,99.54000091552734,32.76710510253906,147.944580078125,105.18301391601562,93.83445739746094,343.54656982421875,297.78082275390625,132.11434936523438,54.99375534057617,200.9622344970703,363.78668212890625,178.03289794921875,263.8096923828125,35.856998443603516,21.76502799987793,159.5869140625,223.27890014648438,44.312129974365234,105.64532470703125
2023-02-14,150.873291015625,99.69999694824219,32.73952102661133,149.07789611816406,105.18301391601562,93.90388488769531,341.4891357421875,293.0867004394531,132.69813537597656,54.07719039916992,200.60562133789062,362.93316650390625,178.08248901367188,264.63616943359375,35.99599838256836,22.946786880493164,157.79147338867188,223.77642822265625,44.65277862548828,104.40769958496094
2023-02-15,152.97091674804688,101.16000366210938,32.68437957763672,147.50686645507812,106.72664642333984,96.14537048339844,343.8406066894531,295.1668701171875,133.254150390625,54.07719039916992,201.79750061035156,362.6192626953125,175.7805633544922,262.52093505859375,36.141998291015625,22.740009307861328,158.0069122314453,223.31793212890625,44.164817810058594,104.09380340576172
2023-02-16,151.37551879882812,98.1500015258789,32.42701721191406,145.37734985351562,103.39511108398438,94.72708129882812,340.03790283203125,295.67303466796875,131.41932678222656,53.74142837524414,200.84024047851562,360.5689392089844,171.09735107421875,255.53196716308594,35.07099914550781,21.97880744934082,157.55807495117188,220.30357360839844,43.474308013916016,103.78890228271484
2023-02-17,150.233154296875,97.19999694824219,32.49135208129883,142.13063049316406,102.79913330078125,93.57659149169922,338.4764404296875,292.6449279785156,131.80856323242188,54.55815887451172,199.65780639648438,354.27081298828125,171.5338897705078,251.54519653320312,34.79600143432617,21.365453720092773,158.2493133544922,218.08909606933594,43.72289276123047,99.79804992675781
2023-02-21,146.2249298095703,94.58000183105469,31.72847557067871,140.5159912109375,99.74114990234375,91.03756713867188,331.6977233886719,271.981689453125,129.3899688720703,54.26776885986328,189.42857360839844,349.1990661621094,170.74012756347656,246.29129028320312,33.75,20.633224487304688,158.15953063964844,215.22103881835938,42.572044372558594,99.69939422607422
2023-02-22,146.6484375,95.79000091552734,31.517078399658203,139.94871520996094,99.34058380126953,90.89872741699219,331.4864196777344,272.718017578125,128.3984375,54.43110656738281,190.16053771972656,348.2278747558594,169.78759765625,245.16053771972656,33.487998962402344,20.73212242126465,158.10568237304688,214.6357421875,42.36029052734375,98.40796661376953
2023-02-23,147.13095092773438,95.81999969482422,31.489500045776367,141.32769775390625,99.38944244384766,90.14495086669922,333.9205017089844,275.4884338378906,129.42701721191406,54.53094482421875,189.76641845703125,348.7772216796875,170.70040893554688,248.3382568359375,32.3650016784668,23.639053344726562,158.27621459960938,215.71859741210938,42.58124923706055,99.31376647949219
2023-02-24,144.48184204101562,93.5,31.44354820251465,141.74659729003906,97.99234008789062,88.39937591552734,334.2052307128906,273.0493469238281,130.59461975097656,54.30406188964844,189.13763427734375,346.41302490234375,169.06329345703125,242.92837524414062,31.71500015258789,23.26145362854004,157.96205139160156,214.17726135253906,42.921897888183594,99.3227310180664
2023-02-27,145.67344665527344,93.76000213623047,31.44354820251465,142.10443115234375,98.13888549804688,89.13331604003906,335.74835205078125,272.45111083984375,131.7344207763672,54.28591537475586,191.6714630126953,348.728271484375,168.21990966796875,243.8446044921875,32.303001403808594,23.476226806640625,157.91714477539062,214.9576873779297,43.069217681884766,99.14337158203125
2023-02-28,145.17120361328125,94.2300033569336,31.526268005371094,140.3152618408203,97.31822204589844,89.32174682617188,322.99920654296875,272.9388732910156,132.83714294433594,54.00459289550781,193.08853149414062,348.54180908203125,173.57786560058594,243.1233367919922,32.2130012512207,23.191526412963867,155.7805938720703,214.55772399902344,43.06000518798828,98.56941223144531
2023-03-01,143.10308837890625,92.16999816894531,31.379207611083984,141.4324188232422,96.2728271484375,89.61930084228516,320.2979736328125,267.64654541015625,132.09584045410156,53.414730072021484,182.3525390625,346.7857666015625,172.0697021484375,240.0528106689453,31.347999572753906,22.674074172973633,153.80563354492188,213.016357421875,42.97714614868164,99.44828033447266
2023-03-02,143.69398498535156,92.12999725341797,30.981416702270508,141.87750244140625,96.64408111572266,91.24585723876953,322.9529724121094,269.6991271972656,130.72438049316406,54.195167541503906,183.09396362304688,348.8165283203125,173.17103576660156,244.77066040039062,31.187999725341797,23.28942108154297,156.6435089111328,213.69923400878906,42.16695022583008,99.90567016601562
2023-03-03,148.7362060546875,94.9000015258789,31.601224899291992,143.97218322753906,98.81301879882812,92.88233184814453,330.34454345703125,274.6968994140625,133.12442016601562,53.94106674194336,187.43899536132812,354.6338806152344,183.8075714111328,248.84512329101562,31.51799964904785,23.86481285095215,156.48985290527344,218.2939910888672,43.1336669921875,101.17018127441406
2023-03-06,151.4936981201172,93.75,31.536474227905273,145.0281982421875,98.34407043457031,94.3501968383789,330.3074951171875,274.47601318359375,132.34600830078125,54.77595520019531,189.165771484375,359.9607238769531,183.46031188964844,250.38522338867188,31.202999114990234,23.529170989990234,156.80615234375,221.20106506347656,42.931114196777344,102.0669937133789
2023-03-07,149.2975616455078,93.55000305175781,30.52811622619629,143.16050720214844,96.7808609008789,93.09060668945312,320.1592102050781,267.563720703125,128.4540252685547,54.45833206176758,185.2617950439453,353.10345458984375,183.0733184814453,247.73390197753906,30.847000122070312,23.267398834228516,156.0288848876953,217.7086639404297,40.924041748046875,100.09400939941406
2023-03-08,150.54827880859375,93.91999816894531,30.121076583862305,142.25283813476562,97.0153579711914,93.47740936279297,323.1287841796875,270.23370361328125,127.69414520263672,54.485565185546875,188.7622528076172,352.2108154296875,183.52976989746094,247.29525756835938,31.179000854492188,24.15961265563965,156.45372009277344,216.75265502929688,40.362430572509766,98.63219451904297
2023-03-09,148.30288696289062,92.25,28.25238609313965,140.08831787109375,93.92804718017578,91.563232421875,316.46807861328125,266.9981994628906,120.78125762939453,53.95922088623047,186.8008575439453,347.7079162597656,180.27529907226562,245.95010375976562,29.777999877929688,23.415273666381836,155.26976013183594,214.6259765625,37.867401123046875,97.86988067626953
2023-03-10,146.2446746826172,90.7300033569336,28.00261116027832,139.355224609375,91.41718292236328,89.8870849609375,303.12811279296875,265.4314270019531,123.84851837158203,53.73234939575195,184.5579376220703,340.5171203613281,178.11224365234375,242.31427001953125,29.275999069213867,22.944690704345703,155.47763061523438,210.85067749023438,38.07915115356445,96.6591796875
2023-03-13,148.1847381591797,92.43000030517578,26.37444305419922,138.5173797607422,90.46949768066406,90.36315155029297,291.87884521484375,265.6260681152344,121.62452697753906,54.2768440246582,185.39317321777344,338.1628112792969,179.491455078125,247.50970458984375,29.35099983215332,22.945690155029297,156.9959716796875,209.2215576171875,35.363162994384766,95.54713439941406
2023-03-14,150.2725372314453,94.87999725341797,26.605712890625,140.30653381347656,91.2120132446289,93.19969940185547,298.0215148925781,264.745361328125,124.74736785888672,54.47649002075195,184.7174835205078,346.1186828613281,192.50927734375,254.20626831054688,29.493999481201172,24.041719436645508,156.83326721191406,213.3090362548828,36.983543395996094,95.90585327148438
2023-03-15,150.66647338867188,96.19999694824219,26.355941772460938,134.23207092285156,90.95799255371094,95.32215881347656,288.8074951171875,266.9703369140625,118.85380554199219,54.83948516845703,186.36912536621094,341.4687194824219,196.21026611328125,258.7388610839844,30.378999710083008,24.206571578979492,159.63504028320312,211.07508850097656,35.768253326416016,91.13478088378906
2023-03-16,153.4830322265625,100.04000091552734,26.799985885620117,134.65969848632812,92.12061309814453,99.49764251708984,291.4902648925781,265.82080078125,121.16117858886719,55.14125442504883,187.38270568847656,341.3903503417969,203.33433532714844,269.2272033691406,31.006000518798828,25.518409729003906,159.52655029296875,212.128662109375,36.18255615234375,90.60565185546875
2023-03-17,152.6459197998047,98.94999694824219,25.736127853393555,132.95777893066406,91.0556869506836,100.78699493408203,280.80535888671875,267.3597106933594,116.5834732055664,54.88520431518555,185.21487426757812,343.0187683105469,194.0869140625,272.3757019042969,30.350000381469727,25.702247619628906,158.27932739257812,212.0701141357422,34.76471710205078,89.53842163085938
2023-03-20,155.00949096679688,97.70999908447266,25.67137336730957,134.912841796875,92.0522232055664,100.39027404785156,286.3467102050781,268.1662902832031,117.81593322753906,55.415584564208984,184.679931640625,342.6852722167969,196.26979064941406,265.35748291015625,30.51300048828125,25.877090454101562,160.5026092529297,212.81153869628906,34.506935119628906,91.87911987304688
2023-03-21,156.8609161376953,100.61000061035156,26.44845199584961,139.04103088378906,94.31884765625,104.0599365234375,293.5162658691406,268.3239440917969,120.97584533691406,55.159542083740234,184.679931640625,347.83551025390625,200.58592224121094,266.86834716796875,30.57900047302246,26.175827026367188,160.88221740722656,216.5185089111328,35.4276008605957,95.99553680419922
2023-03-22,155.43295288085938,98.69999694824219,25.569612503051758,136.21324157714844,92.7165756225586,102.52264404296875,290.1766662597656,262.00128173828125,117.85301208496094,54.91264724731445,179.78114318847656,344.3626708984375,198.2542266845703,265.4159851074219,29.389999389648438,26.444589614868164,159.52655029296875,214.65525817871094,34.249141693115234,93.79832458496094
2023-03-23,156.51622009277344,98.70999908447266,24.949800491333008,134.86044311523438,93.62518310546875,104.734375,291.2682189941406,263.2063903808594,117.53794860839844,54.79375457763672,178.01687622070312,347.6392822265625,202.68939208984375,270.650390625,32.0369987487793,27.166950225830078,158.74928283691406,217.14288330078125,33.70594024658203,92.74007415771484
2023-03-24,157.8162078857422,98.12999725341797,25.10706329345703,136.2044677734375,91.91545867919922,104.57568359375,289.15899658203125,262.3813171386719,115.74948120117188,55.68992614746094,177.801025390625,344.9513244628906,204.40591430664062,273.4869384765625,32.8390007019043,26.75531768798828,161.85829162597656,215.6307830810547,33.35608673095703,92.84770965576172
2023-03-27,155.87608337402344,98.04000091552734,26.355941772460938,137.5922088623047,93.42001342773438,101.62010955810547,294.672607421875,260.75897216796875,119.06694030761719,56.10142135620117,178.80516052246094,347.884521484375,201.26060485839844,269.40277099609375,32.76599884033203,26.50753402709961,162.21983337402344,216.38197326660156,34.49773025512695,94.88348388671875
2023-03-28,155.2556915283203,97.23999786376953,26.01365852355957,139.1981201171875,92.63842010498047,100.20183563232422,294.58941650390625,260.3417663574219,119.4283447265625,56.165428161621094,178.4485626220703,347.60003662109375,199.117431640625,268.28173828125,32.35200119018555,26.386642456054688,162.1656036376953,214.9381866455078,34.23072814941406,96.06726837158203
2023-03-29,158.32830810546875,100.25,26.5224609375,140.39381408691406,94.64125061035156,100.55887603759766,296.6985778808594,262.696533203125,119.66926574707031,56.56779479980469,180.12838745117188,352.7013244628906,203.75106811523438,273.428466796875,33.202999114990234,26.96013641357422,163.28631591796875,217.83546447753906,34.95806121826172,97.7174301147461
2023-03-30,159.89414978027344,102.0,26.18017578125,141.7291259765625,95.84294891357422,100.06298828125,297.087158203125,264.5506896972656,119.30786895751953,56.55864715576172,180.79470825195312,352.43646240234375,206.22166442871094,276.8790588378906,33.84299850463867,27.358781814575195,163.43089294433594,216.91851806640625,34.414852142333984,98.1927261352539
2023-03-31,162.3955535888672,103.29000091552734,26.457704544067383,142.40118408203125,97.82625579833984,102.87970733642578,302.6099548339844,273.5989685058594,120.75345611572266,56.723243713378906,187.6642303466797,356.5075988769531,210.28976440429688,281.021728515625,34.54800033569336,27.752431869506836,164.75946044921875,219.942626953125,34.414852142333984,98.34520721435547
2023-04-03,163.64627075195312,102.41000366210938,26.44845199584961,148.3272705078125,97.46475982666016,103.5045394897461,302.064208984375,276.0186462402344,120.61444854736328,57.06159591674805,191.4368896484375,359.5094909667969,211.41099548339844,279.97882080078125,34.827999114990234,27.940265655517578,164.94020080566406,223.39599609375,34.72789001464844,104.1476058959961
2023-04-04,163.114501953125,103.94999694824219,25.884145736694336,147.53306579589844,97.27912902832031,103.86158752441406,298.4840087890625,273.4505920410156,119.00205993652344,56.887847900390625,190.50779724121094,356.98822021484375,213.04811096191406,279.9300231933594,34.67499923706055,27.428720474243164,164.352783203125,222.0887908935547,33.890079498291016,103.15214538574219
2023-04-05,161.27285766601562,101.0999984741211,25.569612503051758,148.2661895751953,97.6113052368164,103.61363220214844,297.44793701171875,267.61932373046875,119.17950439453125,57.427371978759766,187.15745544433594,357.4402770996094,209.83331298828125,277.1617126464844,34.23500061035156,26.85722541809082,165.97052001953125,222.58633422851562,33.96373748779297,104.91889953613281
2023-04-06,162.1592254638672,102.05999755859375,25.75463104248047,146.31993103027344,97.669921875,107.53125762939453,298.2527770996094,267.5636901855469,119.04875946044922,57.463951110839844,186.3504180908203,355.1607666015625,214.41737365722656,284.2384033203125,33.93299865722656,27.013086318969727,166.62124633789062,220.4596405029297,34.893611907958984,103.1790542602539
2023-04-10,159.5691680908203,102.16999816894531,25.847139358520508,146.87844848632812,98.4906005859375,105.56748962402344,300.62103271484375,269.93701171875,119.44100952148438,57.326778411865234,187.4859161376953,353.8539733886719,213.07786560058594,282.08428955078125,33.89899826049805,27.554603576660156,165.57284545898438,220.88888549804688,35.56570816040039,102.72166442871094
2023-04-11,158.35787963867188,99.91999816894531,26.559463500976562,147.690185546875,98.10957336425781,104.48641204833984,302.8505554199219,272.347412109375,120.02938842773438,57.226192474365234,188.94992065429688,357.7742919921875,212.18484497070312,275.6899108886719,33.82099914550781,27.144969940185547,165.3197784423828,222.85948181152344,36.24700927734375,103.4480972290039
2023-04-12,157.6685028076172,97.83000183105469,26.346689224243164,148.21385192871094,95.6866455078125,103.78223419189453,305.50555419921875,269.26025390625,120.01072692871094,57.326778411865234,187.4765625,355.46527099609375,212.333740234375,276.333251953125,33.10300064086914,26.471567153930664,164.9944610595703,222.23513793945312,36.08128356933594,103.34046936035156
2023-04-13,163.0455322265625,102.4000015258789,26.420698165893555,150.1949920654297,98.51991271972656,106.54937744140625,307.2539978027344,270.8455505371094,120.46835327148438,57.74742889404297,189.0719451904297,363.19793701171875,218.63426208496094,282.52288818359375,34.61899948120117,26.439594268798828,166.63931274414062,226.99569702148438,36.51400375366211,103.82476806640625
2023-04-14,162.70083618164062,102.51000213623047,27.308792114257812,150.50048828125,97.6015396118164,107.97756958007812,311.6852111816406,270.8825988769531,129.5648651123047,57.65598678588867,189.73822021484375,365.9294128417969,219.76539611816406,278.9162902832031,33.862998962402344,26.73433494567871,165.85304260253906,228.29315185546875,36.49558639526367,104.07588958740234
2023-04-17,162.7205810546875,102.73999786376953,28.095123291015625,149.17385864257812,97.99234008789062,105.1013412475586,314.238525390625,273.8585510253906,130.59222412109375,58.03090286254883,192.3846893310547,366.25372314453125,217.1558837890625,281.5091857910156,33.27199935913086,26.97811508178711,166.70257568359375,227.766357421875,38.0239143371582,102.86516571044922
2023-04-18,163.94171142578125,102.30000305175781,28.27088737487793,148.82476806640625,98.60784912109375,103.64337921142578,308.9006652832031,277.14971923828125,132.0584716796875,58.122352600097656,195.29393005371094,365.8213806152344,216.1934356689453,281.0899963378906,33.369998931884766,27.64253044128418,167.04600524902344,227.88343811035156,38.54869079589844,104.87405395507812
2023-04-19,165.08412170410156,104.30000305175781,27.808340072631836,148.96441650390625,96.4780044555664,103.32601928710938,311.6575012207031,275.25848388671875,131.89036560058594,58.232086181640625,195.97900390625,366.29302978515625,214.02047729492188,281.16796875,32.3120002746582,27.906293869018555,166.94659423828125,226.878662109375,38.88935089111328,104.54222106933594
2023-04-20,164.11898803710938,103.80999755859375,27.660322189331055,148.24000549316406,95.81364440917969,104.42691802978516,313.3411865234375,276.79742431640625,131.50747680664062,58.488128662109375,196.85177612304688,368.45458984375,211.41099548339844,278.8870544433594,32.53499984741211,27.080026626586914,167.4979248046875,228.8589630126953,38.36455535888672,103.70817565917969
2023-04-21,162.5137481689453,106.95999908447266,27.632572174072266,147.6028594970703,97.27912902832031,104.54593658447266,316.07025146484375,278.16015625,131.2552947998047,58.5704345703125,198.0530242919922,368.69036865234375,211.23236083984375,278.5458679199219,32.79800033569336,27.095012664794922,167.57022094726562,228.32241821289062,37.96867752075195,104.03999328613281
2023-04-24,162.8190460205078,106.20999908447266,27.530813217163086,149.66259765625,97.38660430908203,105.1013412475586,318.19793701171875,279.6434631347656,131.4327392578125,58.47898483276367,198.0530242919922,368.1893310546875,211.1331329345703,274.6565856933594,32.902000427246094,27.018083572387695,167.65155029296875,227.06398010253906,38.162017822265625,106.0040283203125
2023-04-25,161.28274536132812,102.56999969482422,26.679725646972656,147.48944091796875,95.7550277709961,102.99871063232422,314.0534973144531,274.720703125,128.57492065429688,58.387542724609375,194.17666625976562,362.0975341796875,205.93394470214844,268.46697998046875,32.255001068115234,26.217790603637695,171.45648193359375,223.97157287597656,37.33340072631836,104.49736785888672
2023-04-26,161.27285766601562,104.9800033569336,26.30968475341797,144.8623809814453,94.38723754882812,102.85986328125,311.35223388671875,267.0631103515625,126.29610443115234,58.11321258544922,189.3854522705078,360.3583984375,207.76953125,287.91326904296875,32.1150016784668,26.93215560913086,170.3990478515625,222.5667724609375,36.32986068725586,103.53777313232422
2023-04-27,165.85227966308594,109.81999969482422,26.725980758666992,145.70899963378906,97.63085174560547,106.70805358886719,316.0147399902344,272.4957275390625,127.99585723876953,58.232086181640625,192.90342712402344,367.14776611328125,236.7024688720703,297.13446044921875,32.584999084472656,27.201921463012695,171.43836975097656,223.40573120117188,36.51400375366211,104.77540588378906
2023-04-28,167.10296630859375,105.44999694824219,27.08677101135254,147.13162231445312,100.1417236328125,106.4601058959961,317.7168884277344,278.62371826171875,129.10723876953125,58.66188430786133,196.01580810546875,373.3967590332031,238.44879150390625,299.5031433105469,32.99300003051758,27.724454879760742,172.52296447753906,227.03469848632812,36.59686279296875,106.12957763671875
2023-05-01,167.01434326171875,102.05000305175781,26.864748001098633,145.96209716796875,99.85838317871094,106.32125854492188,315.0618591308594,275.99078369140625,131.87167358398438,58.799049377441406,196.38368225097656,373.2297668457031,241.28648376464844,297.8460693359375,32.4119987487793,28.88442611694336,173.23692321777344,226.82009887695312,37.186100006103516,102.8382568359375
2023-05-02,165.9802703857422,103.62999725341797,26.050661087036133,139.67813110351562,98.28544616699219,104.45667266845703,308.4011535644531,272.8202209472656,129.74232482910156,58.53385543823242,194.2615509033203,369.4665832519531,237.377197265625,297.6997985839844,31.7549991607666,28.185049057006836,173.7520751953125,221.4254150390625,35.75904846191406,98.73979187011719
2023-05-03,164.90684509277344,103.6500015258789,25.77313232421875,136.87655639648438,98.5394515991211,104.54593658447266,304.0346374511719,271.7077331542969,126.99654388427734,58.20465087890625,193.63905334472656,368.3563232421875,235.18438720703125,296.7153625488281,31.93000030517578,27.77741241455078,173.68881225585938,220.4498748779297,35.58411407470703,96.793701171875
2023-05-04,163.2720489501953,104.0,24.968299865722656,136.34414672851562,95.20790100097656,103.83184051513672,297.1981506347656,264.9122009277344,125.2594223022461,58.268672943115234,191.27174377441406,369.55499267578125,231.7017364501953,297.6997985839844,32.077999114990234,27.53762435913086,174.7733612060547,220.07920837402344,34.07168197631836,95.09871673583984
2023-05-05,170.93392944335938,105.66000366210938,25.634366989135742,139.82652282714844,98.20726776123047,104.7046127319336,302.5267639160156,268.5000305175781,127.70635223388672,58.542999267578125,194.11062622070312,377.9460144042969,230.96749877929688,302.8074951171875,32.2760009765625,28.654634475708008,175.5777130126953,226.10791015625,35.20369338989258,97.46632385253906
2023-05-08,170.8649444580078,105.83000183105469,25.61586570739746,139.27664184570312,100.60091400146484,106.8865737915039,302.054931640625,266.9332275390625,128.01454162597656,58.45155334472656,192.45065307617188,378.7811279296875,231.4536895751953,300.8580322265625,33.12099838256836,29.125211715698242,174.7462615966797,226.5469512939453,35.61195373535156,97.85193634033203
2023-05-09,169.16127014160156,106.62000274658203,25.588115692138672,138.8751983642578,99.82908630371094,106.47002410888672,300.4452819824219,269.3900146484375,127.39813995361328,57.96690368652344,195.34616088867188,376.2559814453125,231.55288696289062,299.2496337890625,33.2140007019043,28.545726776123047,175.46023559570312,227.55174255371094,35.76041793823242,97.87884521484375
2023-05-10,170.92404174804688,110.19000244140625,25.27358055114746,137.1034393310547,98.81301879882812,110.83394622802734,298.39154052734375,267.9530334472656,127.4635238647461,58.06748580932617,192.70535278320312,375.8630065917969,231.2651824951172,304.4256286621094,33.54199981689453,28.859453201293945,175.5777130126953,225.61044311523438,35.5191650390625,96.62329864501953
2023-05-11,171.1111602783203,112.18000030517578,25.338336944580078,136.34414672851562,90.18617248535156,115.61444091796875,296.6985778808594,266.7108154296875,127.06193542480469,58.39668655395508,191.74331665039062,376.6982116699219,233.9540252685547,302.2811279296875,34.47600173950195,28.552722930908203,176.54476928710938,225.79617309570312,35.565555572509766,94.87450408935547
2023-05-12,170.18417358398438,110.26000213623047,25.06081199645996,136.69325256347656,89.87352752685547,116.54674530029297,295.57000732421875,269.2880859375,125.24078369140625,58.62530517578125,191.70558166503906,375.2538146972656,231.98947143554688,301.1699523925781,33.98899841308594,28.31493377685547,177.24974060058594,226.1577911376953,34.7861442565918,94.86554718017578
2023-05-15,169.6910858154297,111.19999694824219,25.578861236572266,137.19944763183594,90.7235107421875,115.554931640625,297.9475402832031,267.4988098144531,126.29610443115234,58.46984100341797,190.09280395507812,376.7178039550781,237.0001678466797,301.6475524902344,33.5890007019043,28.927391052246094,175.5777130126953,227.55552673339844,35.97383499145508,95.04645538330078
2023-05-16,169.6910858154297,113.4000015258789,25.31058692932129,133.97894287109375,88.88677215576172,118.53034973144531,296.7818298339844,261.7416687011719,125.44622802734375,57.81144714355469,187.89524841308594,373.60308837890625,236.96043395996094,303.87005615234375,33.375,29.187164306640625,174.81854248046875,225.26834106445312,35.62123489379883,92.73970794677734
2023-05-17,170.30250549316406,115.5,26.429950714111328,135.89903259277344,90.63558197021484,119.84944915771484,305.45001220703125,271.06805419921875,129.3033905029297,57.74742889404297,195.421630859375,380.24517822265625,240.60186767578125,306.7420349121094,33.99599838256836,30.15130615234375,173.58038330078125,227.39915466308594,37.54194259643555,94.82030487060547
2023-05-18,172.6298828125,118.1500015258789,26.33743667602539,135.73159790039062,91.6028060913086,121.82312774658203,304.8950500488281,273.6360778808594,130.28399658203125,57.427371978759766,197.27020263671875,385.177490234375,244.9279327392578,311.1576232910156,37.12900161743164,31.649980545043945,173.12847900390625,228.3277130126953,37.30996322631836,95.67967224121094
2023-05-19,172.7383270263672,116.25,26.004409790039062,136.8068084716797,89.24825286865234,121.75370788574219,301.7218933105469,269.668212890625,129.98513793945312,57.454811096191406,194.5444793701172,378.8401184082031,243.7273406982422,310.9817199707031,36.5359992980957,31.236347198486328,173.38153076171875,228.0442657470703,37.14295196533203,96.12293243408203
2023-05-22,171.79161071777344,115.01000213623047,26.217180252075195,134.34793090820312,89.70743560791016,124.02494049072266,300.5841064453125,269.4642333984375,128.91114807128906,56.24773406982422,191.60183715820312,377.8182067871094,246.3865203857422,313.7561340332031,36.30099868774414,31.148426055908203,168.681884765625,226.06005859375,38.02444076538086,94.95600128173828
2023-05-23,169.1881103515625,114.98999786376953,26.439199447631836,138.2345428466797,87.75345611572266,121.55534362792969,299.33514404296875,273.43206787109375,127.56624603271484,56.14714431762695,194.9028778076172,367.226318359375,244.81878662109375,307.9730224609375,35.5989990234375,30.660860061645508,168.16671752929688,219.5113067626953,38.23784637451172,96.24957275390625
2023-05-24,169.4642333984375,116.75,25.995155334472656,138.60467529296875,87.02071380615234,119.90895080566406,295.8568115234375,269.8721618652344,126.39883422851562,55.671630859375,192.0545654296875,362.0680236816406,247.2695770263672,306.5954895019531,36.48500061035156,30.510988235473633,167.10025024414062,217.23390197753906,37.9223747253418,97.32605743408203
2023-05-25,170.59832763671875,115.0,26.059911727905273,136.21632385253906,86.11210632324219,122.4677963256836,299.6219177246094,265.83935546875,126.70703887939453,55.241844177246094,189.61178588867188,363.5811767578125,250.72247314453125,318.3865966796875,35.900001525878906,37.94640350341797,166.11514282226562,218.33839416503906,37.95021438598633,95.5801773071289
2023-05-26,173.0045928955078,120.11000061035156,26.18942642211914,135.7932891845703,86.25865936279297,123.58855438232422,307.1430358886719,271.4759521484375,127.89314270019531,55.10467529296875,194.78024291992188,367.8355712890625,259.9996643066406,325.1954345703125,37.88800048828125,38.91155242919922,165.91629028320312,219.9315643310547,38.25640869140625,94.95600128173828
2023-05-30,174.84877014160156,121.66000366210938,26.143169403076172,134.94717407226562,85.79946899414062,122.65625762939453,306.0513916015625,271.0773010253906,128.37876892089844,54.665740966796875,194.00686645507812,361.08551025390625,260.4759521484375,323.5542907714844,39.29800033569336,40.07551956176758,164.13583374023438,216.6376495361328,38.02444076538086,94.1147232055664
2023-05-31,174.79945373535156,120.58000183105469,25.708377838134766,132.74392700195312,85.9362564086914,121.86280059814453,301.9219665527344,264.67181396484375,126.74436950683594,54.556007385253906,189.69668579101562,358.64874267578125,262.6588134765625,320.79949951171875,39.52299880981445,37.800537109375,164.80462646484375,216.04141235351562,36.93882751464844,92.43215942382812
2023-06-01,177.60018920898438,122.7699966430664,25.904197692871094,134.1011505126953,86.5517578125,122.70582580566406,294.93084716796875,269.2844543457031,128.4908447265625,54.866920471191406,192.32806396484375,364.4065246582031,270.4873046875,324.8926086425781,40.3129997253418,39.734825134277344,165.81028747558594,221.38792419433594,37.17079544067383,93.49958038330078
2023-06-02,178.44827270507812,124.25,26.77139663696289,137.71453857421875,88.68159484863281,123.64804077148438,301.68890380859375,276.3343505859375,131.18994140625,55.927677154541016,197.88327026367188,367.2066955566406,270.4873046875,327.6474609375,40.047000885009766,39.292213439941406,167.51217651367188,223.62625122070312,38.265689849853516,95.6706314086914
2023-06-05,177.09722900390625,125.30000305175781,26.612878799438477,137.0535430908203,88.90630340576172,124.97706604003906,299.9737854003906,273.6824951171875,129.90109252929688,55.55275344848633,195.02548217773438,364.05279541015625,269.27685546875,328.1749267578125,40.354000091552734,39.136356353759766,167.63046264648438,221.65182495117188,37.53266143798828,95.24547576904297
2023-06-06,176.73236083984375,126.61000061035156,27.256288528442383,137.3003387451172,90.03962707519531,126.26641082763672,304.62518310546875,276.3903503417969,130.1345672607422,55.150390625,195.38392639160156,373.3280029296875,269.0089416503906,325.9671936035156,39.92900085449219,38.61981201171875,165.23695373535156,223.0691375732422,38.284244537353516,96.0234146118164
2023-06-07,175.361572265625,121.2300033569336,27.489404678344727,140.86087036132812,90.39132690429688,121.49583435058594,312.9678955078125,281.71270751953125,131.39540100097656,55.06809997558594,199.20367431640625,364.9076232910156,261.5475158691406,315.9053039550781,39.97700119018555,37.44572448730469,163.9172821044922,220.18569946289062,39.035823822021484,98.17637634277344
2023-06-08,178.07354736328125,124.25,27.256288528442383,140.3408660888672,90.4011001586914,121.13877868652344,312.70684814453125,281.1431884765625,131.4327392578125,55.205265045166016,198.49630737304688,361.1739807128906,262.5198669433594,317.7417907714844,40.9370002746582,38.479923248291016,165.7283935546875,218.01583862304688,39.314186096191406,97.86881256103516
2023-06-09,178.4581756591797,123.43000030517578,27.29358673095703,140.0059814453125,89.8149185180664,121.22806549072266,313.21954345703125,277.6509704589844,131.69424438476562,55.29670715332031,197.23248291015625,362.77545166015625,262.8869934082031,319.2364196777344,42.00199890136719,38.73971176147461,165.9559326171875,218.5142822265625,39.09149932861328,97.14512634277344
2023-06-12,181.24903869628906,126.56999969482422,27.163042068481445,138.6575469970703,90.9970703125,122.6264877319336,316.45416259765625,280.9283752441406,131.68490600585938,55.058956146240234,201.23146057128906,368.7591247558594,268.9395446777344,324.1794128417969,42.39699935913086,39.45116424560547,165.54637145996094,221.06536865234375,38.813133239746094,96.26766204833984
2023-06-13,180.775634765625,126.66000366210938,27.414806365966797,139.69749450683594,91.69073486328125,122.81494140625,319.25994873046875,280.2000732421875,132.63751220703125,55.27842330932617,204.99465942382812,364.89776611328125,269.2073974609375,326.5631103515625,43.573001861572266,40.98995590209961,165.21871948242188,218.35792541503906,39.57399368286133,96.28575897216797
2023-06-14,181.40682983398438,126.41999816894531,27.15371322631836,138.44602966308594,90.32294464111328,122.65625762939453,315.45672607421875,279.8545837402344,132.14254760742188,55.65333938598633,202.6461944580078,368.21875,271.22161865234375,329.5426025390625,44.08599853515625,42.96342086791992,166.70217895507812,218.3970184326172,39.045108795166016,95.12787628173828
2023-06-15,183.4383544921875,127.11000061035156,27.386837005615234,139.49481201171875,90.80167388916016,124.06461334228516,316.6871337890625,282.01153564453125,133.63685607910156,56.418121337890625,206.4847869873047,372.424072265625,279.6355895996094,340.0538635253906,44.527000427246094,42.61968994140625,169.01382446289062,221.06536865234375,39.30490493774414,95.78822326660156
2023-06-16,182.36338806152344,125.48999786376953,27.218984603881836,138.59585571289062,89.21895599365234,122.51740264892578,315.3541564941406,280.4801940917969,133.7955780029297,56.82353591918945,204.73997497558594,369.9578552246094,278.8119812011719,334.4172668457031,43.19599914550781,42.658653259277344,169.31414794921875,223.74356079101562,39.13788604736328,95.1007308959961
2023-06-20,182.45216369628906,125.77999877929688,26.920595169067383,135.4407501220703,87.68507385253906,122.09091186523438,308.2792053222656,281.4420166015625,133.11386108398438,56.44575881958008,203.2120819091797,368.0812072753906,282.1161193847656,330.23614501953125,43.470001220703125,43.77378463745117,168.64979553222656,221.358642578125,38.868812561035156,92.920654296875
2023-06-21,181.41668701171875,124.83000183105469,26.640851974487305,136.49832153320312,86.6006088256836,119.56182861328125,303.0126037597656,280.7790222167969,132.91769409179688,56.60239791870117,202.07086181640625,369.5746765136719,279.447021484375,325.8499450683594,42.44499969482422,43.01137924194336,168.7589874267578,222.1210174560547,38.646121978759766,93.96092987060547
2023-06-22,184.41465759277344,130.14999389648438,26.072040557861328,134.52420043945312,86.45405578613281,122.14051818847656,297.89508056640625,281.2271728515625,130.35870361328125,56.98938751220703,202.60845947265625,371.2056884765625,282.66180419921875,331.85772705078125,42.24800109863281,42.99139404296875,170.5063934326172,223.23529052734375,38.098663330078125,93.44532775878906
2023-06-23,184.09906005859375,129.3300018310547,25.876220703125,133.38729858398438,86.07302856445312,121.33714294433594,293.35552978515625,280.8816833496094,129.6769561767578,56.39046859741211,202.98574829101562,373.1806640625,286.4818420410156,327.2761535644531,42.402000427246094,42.176029205322266,169.34149169921875,224.36911010742188,37.681129455566406,92.63117980957031
2023-06-26,182.70858764648438,127.33000183105469,26.193262100219727,135.73159790039062,86.65922546386719,117.36992645263672,291.16497802734375,287.4926452636719,129.99449157714844,56.408905029296875,205.56997680664062,370.8323669433594,276.3017883300781,321.0045471191406,41.59400177001953,40.60026168823242,168.26754760742188,221.19247436523438,37.66257095336914,94.34087371826172
2023-06-27,185.45999145507812,129.17999267578125,26.333133697509766,135.3085174560547,87.01094055175781,117.36001586914062,292.18109130859375,292.9551086425781,130.00379943847656,56.289119720458984,210.8516082763672,375.1260681152344,284.8149108886719,326.8365478515625,41.70800018310547,41.843284606933594,169.47796630859375,222.20899963378906,37.95948791503906,94.57608795166016
2023-06-28,186.633544921875,129.0399932861328,26.174612045288086,136.53359985351562,86.78623962402344,119.1948471069336,292.3768005371094,286.2041015625,129.43409729003906,55.763912200927734,209.87075805664062,373.5932922363281,283.0686340332031,328.0870361328125,42.98400115966797,41.08488845825195,167.18453979492188,222.81503295898438,37.69040298461914,95.34497833251953
2023-06-29,186.96884155273438,127.9000015258789,26.724775314331055,137.69691467285156,86.90347290039062,118.12371063232422,301.1669616699219,287.42730712890625,133.9543914794922,55.30320739746094,210.1536865234375,380.9034729003906,279.3378601074219,327.3055114746094,42.82400131225586,40.79011154174805,167.34835815429688,229.03147888183594,39.3884162902832,96.52095031738281
2023-06-30,191.28829956054688,130.36000061035156,26.75274658203125,138.67518615722656,87.22588348388672,118.71878051757812,300.654296875,290.06048583984375,135.83157348632812,55.487491607666016,212.8699493408203,386.4351501464844,284.7454833984375,332.6685791015625,44.04899978637695,42.26895523071289,168.56787109375,232.12013244628906,39.601829528808594,97.01847839355469
2023-07-03,189.79916381835938,130.22000122070312,27.22831153869629,138.55184936523438,88.41780853271484,118.91714477539062,304.4480285644531,289.4815673828125,136.9242706298828,55.8192024230957,211.8230438232422,387.0836486816406,283.7929382324219,330.1775207519531,44.14400100708008,42.37986373901367,168.91375732421875,232.5990753173828,40.2698974609375,97.20844268798828
2023-07-05,188.68478393554688,130.3800048828125,27.11641502380371,137.75860595703125,87.72415924072266,120.75199127197266,298.3332214355469,290.2098388671875,136.0121612548828,56.233829498291016,212.6719512939453,387.8402099609375,292.077880859375,330.3338623046875,44.59000015258789,42.28395080566406,169.8056182861328,234.04566955566406,40.34413528442383,96.71092987060547
2023-07-06,189.1581573486328,128.36000061035156,26.370433807373047,134.73570251464844,86.69831085205078,119.12543487548828,291.76153564453125,282.01153564453125,134.66744995117188,55.80077362060547,208.83326721191406,386.83660888671875,289.7164001464844,333.3817443847656,43.88399887084961,42.07011795043945,169.82382202148438,233.48855590820312,39.79668426513672,93.1015625
2023-07-07,188.04376220703125,129.77999877929688,26.60354995727539,135.91665649414062,86.6006088256836,118.5005874633789,293.7843017578125,282.7492370605469,135.7300567626953,55.063636779785156,209.32373046875,382.4480895996094,288.2677917480469,329.4254150390625,43.810001373291016,42.46979904174805,166.62030029296875,231.11338806152344,39.68533706665039,93.31867218017578
2023-07-10,186.00238037109375,127.12999725341797,26.724775314331055,136.8244171142578,86.07302856445312,115.49542999267578,294.99615478515625,289.72430419921875,136.49172973632812,54.64900588989258,216.0955810546875,385.87225341796875,291.81005859375,324.159912109375,44.17100143432617,42.147056579589844,167.73057556152344,232.78477478027344,39.26779556274414,94.70270538330078
2023-07-11,185.479736328125,128.77999877929688,27.06046485900879,139.35379028320312,87.43104553222656,116.17977905273438,299.1069030761719,292.8804016113281,138.62632751464844,54.84250259399414,216.387939453125,391.421875,295.9674072265625,324.7851257324219,44.020999908447266,42.37187576293945,167.4393768310547,235.12083435058594,39.65751266479492,95.86060333251953
2023-07-12,187.14639282226562,130.8000030517578,27.37751007080078,140.69338989257812,88.07586669921875,117.9551010131836,304.2523193359375,296.48468017578125,139.31275939941406,55.13734817504883,218.9155731201172,394.2655029296875,306.93133544921875,329.4058532714844,44.404998779296875,43.867706298828125,166.70217895507812,236.74339294433594,40.13999938964844,96.33098602294922
2023-07-13,187.90573120117188,134.3000030517578,27.666576385498047,138.8162078857422,88.38850402832031,123.51911926269531,306.377685546875,293.75811767578125,139.98980712890625,55.60727310180664,216.4916534423828,394.1376647949219,310.9696960449219,334.7395935058594,45.03799819946289,45.94108963012695,170.67018127441406,237.8185272216797,40.557552337646484,94.56702423095703
2023-07-14,188.05364990234375,134.67999267578125,27.144386291503906,135.35263061523438,86.58106994628906,124.39190673828125,304.05657958984375,295.5322570800781,140.8361358642578,56.114051818847656,215.73716735839844,396.0563659667969,306.4649963378906,337.25994873046875,44.191001892089844,45.43348693847656,171.2890625,237.6719512939453,40.418365478515625,91.31046295166016
2023-07-17,191.30804443359375,133.55999755859375,27.414806365966797,135.22926330566406,83.59146881103516,123.62821960449219,304.9980773925781,295.112060546875,144.23081970214844,56.031124114990234,215.0109405517578,395.7513732910156,308.20135498046875,337.73870849609375,45.005001068115234,46.424713134765625,168.94102478027344,238.4832000732422,41.51326370239258,91.70846557617188
2023-07-18,191.0515899658203,132.8300018310547,28.627029418945312,135.50244140625,83.97248840332031,122.7455062866211,314.38470458984375,295.77508544921875,144.49411010742188,55.80998229980469,216.8406524658203,391.7760925292969,309.6202697753906,351.18060302734375,47.47999954223633,47.45690155029297,167.86708068847656,235.3358917236328,42.31122970581055,91.2923583984375
2023-07-19,192.4026641845703,135.36000061035156,29.40097999572754,136.33087158203125,85.03741455078125,121.0296859741211,317.44219970703125,298.31488037109375,145.0489044189453,56.795894622802734,217.7649688720703,391.8843078613281,313.5494384765625,346.87249755859375,47.75899887084961,47.040225982666016,169.51438903808594,235.97120666503906,42.92363739013672,91.92559814453125
2023-07-20,190.4599151611328,129.9600067138672,29.55017852783203,137.8379364013672,84.22651672363281,118.2228775024414,327.0526428222656,297.9507141113281,146.8355712890625,57.48695373535156,217.8592529296875,391.6777038574219,300.1644592285156,338.85223388671875,43.742000579833984,45.48445510864258,172.28106689453125,234.2118377685547,43.730892181396484,93.5448226928711
2023-07-21,189.28636169433594,130.0,29.82059669494629,139.8561248779297,85.1741943359375,119.0361557006836,328.0779724121094,299.2392272949219,145.70712280273438,57.533023834228516,220.49063110351562,391.1168518066406,291.96875,335.82391357421875,42.75,44.274391174316406,173.06375122070312,233.8501739501953,42.645267486572266,93.97903442382812
2023-07-24,190.0851593017578,128.8000030517578,30.44536018371582,142.61468505859375,84.60755157470703,120.53378295898438,334.5749816894531,303.57183837890625,148.57522583007812,57.55146026611328,220.6981658935547,398.2997741699219,289.3394470214844,337.1329650878906,42.83700180053711,44.57715606689453,173.7554473876953,235.30657958984375,43.07209014892578,95.45352172851562
2023-07-25,190.943115234375,129.1300048828125,29.97911834716797,143.26681518554688,83.65985870361328,121.20822143554688,330.632080078125,303.59051513671875,147.4656219482422,57.35795593261719,221.6836700439453,394.8460998535156,292.1771545410156,342.8673095703125,42.77000045776367,45.64332580566406,174.15586853027344,233.30282592773438,42.199893951416016,95.5982666015625
2023-07-26,191.8109588623047,128.14999389648438,30.2215633392334,142.191650390625,83.88455963134766,128.21034240722656,333.2980041503906,307.75506591796875,148.34950256347656,58.095088958740234,221.80686950683594,395.95794677734375,296.2452697753906,329.9626159667969,42.266998291015625,45.41649627685547,174.3743133544922,231.7487335205078,43.09065628051758,95.06454467773438
2023-07-27,190.54864501953125,128.25,29.792627334594727,140.71102905273438,83.39607238769531,128.3392791748047,330.4549560546875,307.8670959472656,146.7133331298828,57.533023834228516,222.5933380126953,388.1747131347656,309.28289794921875,323.0755920410156,41.31700134277344,45.8641471862793,171.580322265625,229.1487579345703,42.46897506713867,95.36306762695312
2023-07-28,193.12255859375,132.2100067138672,29.74599838256836,140.0148162841797,84.14836120605469,131.4932098388672,329.2618103027344,309.4171447753906,147.55023193359375,57.569881439208984,222.77342224121094,386.659423828125,322.9456787109375,330.548828125,42.577999114990234,46.71348190307617,173.2002716064453,230.42918395996094,42.81229019165039,94.22327423095703
2023-07-31,193.73402404785156,133.67999267578125,29.83924674987793,144.23629760742188,86.84485626220703,131.63206481933594,331.7226867675781,311.72344970703125,148.53761291503906,57.06310272216797,221.9963836669922,387.958251953125,316.1192626953125,328.1553955078125,43.89699935913086,46.692501068115234,170.60650634765625,232.36447143554688,42.83085250854492,97.00943756103516
2023-08-01,192.9055938720703,131.69000244140625,29.484907150268555,143.03768920898438,86.98163604736328,130.47169494628906,333.4471130371094,310.0707702636719,147.8041229248047,56.915679931640625,220.17698669433594,390.7035217285156,320.1972351074219,328.5657043457031,43.86199951171875,46.47067642211914,170.0240478515625,234.3682098388672,42.413299560546875,96.44857788085938
2023-08-02,189.91754150390625,128.2100067138672,29.083940505981445,140.77273559570312,84.31444549560547,127.32762908935547,327.2763366699219,306.7372741699219,146.13031005859375,57.09075164794922,217.46682739257812,383.76654052734375,311.86260986328125,319.9300842285156,42.970001220703125,44.23442077636719,171.38006591796875,232.19833374023438,41.847293853759766,95.24547576904297
2023-08-03,188.52699279785156,128.91000366210938,29.289085388183594,140.71983337402344,83.52307891845703,127.39706420898438,329.1965637207031,307.99786376953125,147.02365112304688,56.795894622802734,214.8419189453125,386.7086486816406,310.75140380859375,319.10943603515625,43.099998474121094,44.48023223876953,170.29702758789062,233.3712158203125,42.221343994140625,96.90088653564453
2023-08-04,179.47389221191406,139.57000732421875,29.186513900756836,140.40255737304688,84.31444549560547,127.05984497070312,329.25244140625,304.8044128417969,146.7133331298828,55.93898391723633,211.43051147460938,385.07525634765625,308.310546875,320.20355224609375,43.15999984741211,44.64509963989258,168.00364685058594,233.5960693359375,41.9408073425293,97.17227172851562
2023-08-07,176.37733459472656,142.22000122070312,29.727346420288086,140.9137420654297,84.83224487304688,130.45181274414062,331.4337158203125,307.3628845214844,147.4091796875,56.381256103515625,211.6011199951172,390.5068054199219,314.0951843261719,322.479736328125,44.07600021362305,45.38152313232422,170.08775329589844,236.05917358398438,42.13719177246094,96.97325134277344
2023-08-08,177.314208984375,139.94000244140625,29.158536911010742,140.7021942138672,86.10234069824219,130.32289123535156,324.6290588378906,306.093017578125,146.58168029785156,56.132476806640625,209.3363494873047,386.8857727050781,310.2056884765625,318.5135192871094,43.83000183105469,44.629112243652344,167.85800170898438,233.88926696777344,41.59480667114258,97.45269775390625
2023-08-09,175.72645568847656,137.85000610351562,28.776222229003906,140.88729858398438,85.47706604003906,128.59713745117188,319.43701171875,306.46649169921875,144.61634826660156,56.261478424072266,208.13287353515625,387.3581237792969,302.83349609375,314.7818603515625,42.88999938964844,42.5207633972168,167.4393768310547,234.34869384765625,40.88410568237305,99.10811614990234
2023-08-10,175.50949096679688,138.55999755859375,28.85082244873047,141.7421417236328,89.64881896972656,128.6269073486328,317.3023681640625,307.5776672363281,144.40003967285156,56.132476806640625,209.2889404296875,390.7724914550781,303.3594055175781,315.4656066894531,42.99800109863281,42.354896545410156,167.23004150390625,235.18106079101562,40.83734130859375,99.61470031738281
2023-08-11,175.56875610351562,138.41000366210938,29.17719078063965,144.66812133789062,86.97186279296875,128.4979705810547,317.6099853515625,309.1743469238281,145.23696899414062,56.362831115722656,211.97067260742188,388.6471252441406,299.2913818359375,313.59002685546875,42.16600036621094,40.82308578491211,167.4939727783203,235.06350708007812,40.893455505371094,101.16157531738281
2023-08-14,177.21786499023438,140.57000732421875,28.84149742126465,144.56239318847656,86.76669311523438,130.2534637451172,314.8228759765625,308.0911865234375,145.53790283203125,56.09562683105469,214.05538940429688,392.1893615722656,303.8058776855469,316.5500183105469,42.77799987792969,43.71882247924805,167.11170959472656,237.86424255371094,40.90281295776367,101.24298095703125
2023-08-15,175.2329864501953,137.6699981689453,27.91834831237793,140.3408660888672,85.05695343017578,128.71615600585938,309.6681213378906,310.1361389160156,141.83291625976562,55.71784973144531,212.11282348632812,388.12554931640625,299.5989074707031,314.4203796386719,42.369998931884766,43.905677795410156,165.04580688476562,234.85791015625,39.95832061767578,98.64373016357422
2023-08-16,174.36399841308594,135.07000732421875,27.31223487854004,139.8032989501953,84.36329650878906,127.64500427246094,306.7784423828125,310.9671325683594,141.2310791015625,55.72705841064453,210.51133728027344,388.0468444824219,291.9985656738281,313.6568298339844,41.54499816894531,43.4520378112793,164.91839599609375,234.32908630371094,39.48140335083008,96.98383331298828
2023-08-17,171.8260955810547,133.97999572753906,27.302913665771484,142.14340209960938,83.94319152832031,128.85499572753906,305.2962951660156,305.59808349609375,139.76412963867188,55.846839904785156,206.7209014892578,386.32489013671875,282.8702087402344,310.2108459472656,40.29999923706055,43.31014633178711,162.4065399169922,232.4488983154297,39.715187072753906,98.86260986328125
2023-08-18,172.30999755859375,133.22000122070312,27.144386291503906,143.16665649414062,83.98226928710938,126.41516876220703,302.8821105957031,305.6820983886719,140.08384704589844,56.16012191772461,207.85806274414062,385.88214111328125,281.0444641113281,309.8193664550781,40.452999114990234,43.26517868041992,162.16079711914062,233.2322998046875,39.74324035644531,100.35832977294922
2023-08-21,173.6431121826172,134.67999267578125,27.181690216064453,142.68617248535156,83.90410614013672,127.3177261352539,300.2068176269531,302.59136962890625,140.5634307861328,55.68098831176758,206.1902618408203,386.8955993652344,287.64276123046875,315.1056823730469,40.82899856567383,46.93031311035156,161.13241577148438,234.49557495117188,39.73388671875,99.14533233642578
2023-08-22,175.01576232910156,134.25,26.51963233947754,141.5116424560547,83.8161849975586,128.02188110351562,297.1587829589844,302.9836120605469,137.6483612060547,55.340065002441406,213.91326904296875,391.4612121582031,285.3606262207031,315.6734313964844,41.31700134277344,45.63232421875,159.9037628173828,235.5825958251953,38.808109283447266,98.58900451660156
2023-08-23,178.85714721679688,135.52000427246094,26.52895736694336,141.69850158691406,83.85526275634766,131.28492736816406,300.4584655761719,304.48699951171875,138.57928466796875,55.5335578918457,215.28729248046875,394.6296081542969,291.948974609375,320.117919921875,42.755001068115234,47.07920455932617,162.106201171875,237.27670288085938,38.91097640991211,97.72258758544922
2023-08-24,174.1763916015625,131.83999633789062,26.687477111816406,140.53289794921875,80.57256317138672,128.71615600585938,298.24932861328125,301.21881103515625,138.44766235351562,55.386131286621094,211.28842163085938,391.2939147949219,284.51727294921875,313.2358093261719,40.69300079345703,47.12615966796875,161.25070190429688,234.50535583496094,38.74264907836914,96.99298095703125
2023-08-25,176.37850952148438,133.25999450683594,26.575576782226562,141.5828399658203,81.44209289550781,128.81533813476562,298.42645263671875,301.4709167480469,138.2783966064453,55.64413070678711,211.38319396972656,396.43023681640625,283.27703857421875,316.1824951171875,41.60300064086914,45.982059478759766,163.2893524169922,237.5410919189453,38.55562210083008,98.7258071899414
2023-08-28,177.93878173828125,133.13999938964844,26.818023681640625,142.55270385742188,82.22368621826172,129.93606567382812,303.8515319824219,304.31884765625,138.75796508789062,55.80077362060547,211.05149841308594,400.90728759765625,287.9999694824219,316.8873291015625,41.805999755859375,46.79841613769531,164.04470825195312,238.7749786376953,39.16345977783203,99.55573272705078
2023-08-29,181.81964111328125,134.91000366210938,27.20033836364746,142.3302764892578,82.4581527709961,133.46688842773438,309.98504638671875,307.5589904785156,139.88636779785156,55.745487213134766,214.54815673828125,405.0497741699219,295.6697082519531,321.49822998046875,42.999000549316406,48.74589157104492,164.66358947753906,240.25367736816406,39.27566909790039,100.14855194091797
2023-08-30,185.30555725097656,135.07000732421875,27.079118728637695,142.52601623535156,82.34091186523438,134.7661895751953,308.83831787109375,310.6976318359375,139.32217407226562,55.71784973144531,218.2438201904297,407.2735595703125,292.80224609375,321.8702392578125,43.46699905395508,49.22551727294922,164.8000946044922,241.12522888183594,38.84551239013672,101.12440490722656
2023-08-31,185.5227813720703,138.00999450683594,26.95688247680664,143.34463500976562,81.75473022460938,135.05380249023438,308.0205383300781,310.38751220703125,137.601318359375,55.12813949584961,218.40493774414062,406.02392578125,293.5860900878906,320.8619384765625,43.36800003051758,49.316444396972656,163.0633087158203,240.5866241455078,38.61173629760742,101.40713500976562
2023-09-01,187.0929412841797,138.1199951171875,27.24835968017578,146.1919403076172,79.76165771484375,134.5479736328125,307.729248046875,312.9999084472656,138.0621337890625,54.64900588989258,220.32858276367188,408.906982421875,294.07232666015625,321.7430114746094,43.987998962402344,48.471107482910156,160.68043518066406,242.96621704101562,38.9483757019043,103.5321273803711
2023-09-05,187.3299560546875,137.27000427246094,26.93807601928711,148.1138916015625,79.32201385498047,134.6570587158203,304.29852294921875,308.0194091796875,136.53872680664062,54.197513580322266,218.35757446289062,404.9022216796875,297.8128967285156,326.5300598144531,44.86800003051758,48.51008605957031,159.6173095703125,240.25367736816406,38.84551239013672,103.541259765625
2023-09-06,180.624755859375,135.36000061035156,26.693613052368164,148.26513671875,79.11685180664062,133.35780334472656,301.8359680175781,306.34674072265625,136.3130645751953,54.160648345947266,217.58050537109375,406.55523681640625,296.840576171875,325.8741149902344,44.57600021362305,47.02811813354492,160.13967895507812,241.05667114257812,38.3592414855957,104.43504333496094
2023-09-07,175.3416290283203,137.85000610351562,26.449148178100586,148.2740478515625,78.71627044677734,134.15121459960938,302.6160583496094,308.6208801269531,135.14700317382812,53.74601745605469,221.37095642089844,407.9721374511719,296.3444519042969,322.9667053222656,44.31399917602539,46.20868682861328,161.6702117919922,242.01634216308594,37.80751419067383,103.92430877685547
2023-09-08,175.953857421875,138.22999572753906,26.6654109954834,148.78121948242188,79.70303344726562,135.2620391845703,305.9621887207031,308.893310546875,135.25047302246094,53.74601745605469,219.17251586914062,408.1885681152344,295.570556640625,327.23486328125,44.279998779296875,45.540157318115234,161.55108642578125,242.1632537841797,38.340538024902344,105.4382553100586
2023-09-11,177.11912536621094,143.10000610351562,26.778236389160156,145.7114715576172,80.62139892578125,135.7976531982422,305.14447021484375,308.5738525390625,135.84288024902344,54.2527961730957,219.76002502441406,410.00897216796875,305.16522216796875,330.82769775390625,44.5359992980957,45.14643096923828,163.98898315429688,242.09469604492188,38.649131774902344,104.1158218383789
2023-09-12,174.09735107421875,141.22999572753906,27.238956451416016,148.42527770996094,81.75473022460938,134.23056030273438,311.0189514160156,306.6098327636719,137.61073303222656,53.718379974365234,218.36705017089844,409.5956726074219,299.3111877441406,324.78753662109375,43.46900177001953,44.83864212036133,163.38409423828125,242.17303466796875,39.7806396484375,107.15283203125
2023-09-13,172.0334930419922,144.85000610351562,27.154335021972656,147.8825225830078,81.559326171875,135.58937072753906,314.85382080078125,306.2340087890625,137.67657470703125,53.84737777709961,216.83192443847656,409.62518310546875,302.6846923828125,328.9872131347656,41.2239990234375,45.453216552734375,164.6763458251953,242.69204711914062,39.50946044921875,106.19522857666016
2023-09-14,173.54437255859375,144.72000122070312,27.455219268798828,148.79901123046875,82.53631591796875,136.9679718017578,323.86761474609375,309.7579040527344,140.34715270996094,54.29315948486328,218.77452087402344,406.7126770019531,309.2928161621094,331.5716552734375,40.04899978637695,45.54915237426758,166.096923828125,236.49325561523438,40.25756072998047,108.09222412109375
2023-09-15,172.82345581054688,140.38999938964844,27.116727828979492,148.14947509765625,83.61101531982422,136.273681640625,321.9595947265625,302.0240478515625,139.9333953857422,53.81022644042969,208.49295043945312,407.6671447753906,297.9716796875,323.2701110839844,39.694000244140625,43.869319915771484,164.82301330566406,236.0721893310547,40.1640510559082,106.43235778808594
2023-09-18,175.74649047851562,139.97999572753906,27.041505813598633,148.79010009765625,83.06388854980469,137.07705688476562,322.6927185058594,298.1336364746094,140.2248992919922,54.144569396972656,206.31344604492188,410.4419250488281,300.1942443847656,322.13458251953125,39.439998626708984,43.93527603149414,164.4014129638672,239.5877685546875,40.61292266845703,107.2896499633789
2023-09-19,176.832763671875,137.6300048828125,26.93807601928711,148.77230834960938,80.05475616455078,136.90843200683594,321.3486633300781,295.6434020996094,140.04624938964844,54.033119201660156,206.10494995117188,406.899658203125,302.694580078125,321.7331237792969,39.619998931884766,43.489593505859375,163.429931640625,238.5105743408203,40.41653823852539,107.00692749023438
2023-09-20,173.29750061035156,135.2899932861328,26.844051361083984,148.3185577392578,80.66048431396484,132.64369201660156,316.4704895019531,292.1194763183594,139.4538116455078,54.27458953857422,203.6506805419922,403.93792724609375,297.336669921875,314.01898193359375,38.630001068115234,42.2094841003418,163.48492431640625,236.8458251953125,40.0892448425293,106.15874481201172
2023-09-21,171.7569580078125,129.3300018310547,26.373929977416992,146.9838409423828,80.82659149169922,129.37075805664062,310.3985900878906,288.26666259765625,138.36300659179688,53.43873596191406,199.575927734375,396.8926696777344,293.4273376464844,312.80511474609375,38.415000915527344,40.988338470458984,160.7354278564453,231.7046661376953,39.574928283691406,104.66304016113281
2023-09-22,172.60621643066406,129.1199951171875,25.988426208496094,147.9536895751953,79.3806381225586,129.1822967529297,308.1897888183594,287.2987976074219,137.03713989257812,53.49445343017578,199.4622344970703,395.77105712890625,296.751220703125,310.338134765625,37.98099899291992,41.580928802490234,160.63461303710938,230.20635986328125,38.55562210083008,104.82719421386719
2023-09-25,173.8800811767578,131.27000427246094,25.950820922851562,150.11590576171875,79.14616394042969,130.0352783203125,309.0826721191406,288.0129089355469,137.7141876220703,52.93722915649414,201.36692810058594,396.0367126464844,298.48760986328125,310.8570251464844,38.47999954223633,42.192501068115234,159.77310180664062,228.52200317382812,38.86421585083008,106.00370025634766
2023-09-26,169.81158447265625,125.9800033569336,25.546512603759766,149.3061981201172,78.20824432373047,127.5160903930664,304.36431884765625,284.30108642578125,136.28485107421875,52.500728607177734,197.61439514160156,389.0406494140625,296.6321716308594,305.5706787109375,37.92499923706055,41.881717681884766,158.11422729492188,224.8889617919922,38.01324462890625,106.1678695678711
2023-09-27,168.30068969726562,125.9800033569336,25.640541076660156,152.18910217285156,78.06169891357422,129.4699249267578,302.6067199707031,283.62445068359375,137.08412170410156,51.96207046508789,196.1171875,389.13909912109375,295.4217224121094,306.2070007324219,37.75899887084961,42.438323974609375,155.4105682373047,224.74203491210938,38.209617614746094,109.6244125366211
2023-09-28,168.55746459960938,125.9800033569336,25.913206100463867,151.78871154785156,78.28639221191406,131.2254180908203,305.6614074707031,285.1938171386719,138.78616333007812,51.83204650878906,196.89419555664062,393.03558349609375,301.59320068359375,307.0390930175781,37.63600158691406,43.05888748168945,155.34640502929688,226.85728454589844,38.256378173828125,108.9586410522461
2023-09-29,169.07095336914062,127.12000274658203,25.74396324157715,150.0357666015625,79.18523406982422,129.7872772216797,304.12933349609375,283.9440002441406,136.36947631835938,51.98992919921875,196.95106506347656,389.5621337890625,297.8724365234375,309.10467529296875,37.7599983215332,43.468597412109375,155.2914276123047,225.24147033691406,38.209617614746094,107.23492431640625
2023-10-02,171.57923889160156,129.4600067138672,25.104598999023438,148.18507385253906,79.79096221923828,133.07015991210938,299.36395263671875,281.7544250488281,135.19406127929688,51.52556610107422,194.96109008789062,389.5032043457031,304.4309387207031,315.02734375,38.03300094604492,44.750709533691406,155.04396057128906,226.47537231445312,37.04069519042969,105.45648956298828
2023-10-03,170.24609375,124.72000122070312,24.36180305480957,148.53204345703125,77.70997619628906,131.3444061279297,287.727783203125,274.340087890625,134.19728088378906,50.96833419799805,189.67344665527344,384.7899169921875,298.5967712402344,306.7943115234375,37.67499923706055,43.48659133911133,153.69668579101562,224.06634521484375,36.16167449951172,105.63890075683594
2023-10-04,171.49034118652344,127.0,24.390010833740234,145.07081604003906,77.49503326416016,134.1313934326172,290.05877685546875,274.76300048828125,134.7991180419922,51.1169319152832,189.13330078125,387.4466552734375,303.20068359375,312.2471008300781,37.689998626708984,44.01022720336914,154.80564880371094,226.4263916015625,36.44221878051758,101.68986511230469
2023-10-05,172.72471618652344,125.95999908447266,24.502840042114258,145.83599853515625,78.95075225830078,133.9628143310547,291.8446044921875,274.1145935058594,135.36744689941406,48.64652633666992,189.33230590820312,388.44183349609375,302.4167785644531,312.6386413574219,37.25899887084961,44.656776428222656,146.73133850097656,228.63954162597656,36.75080871582031,99.40070343017578
2023-10-06,175.2725067138672,127.95999908447266,24.51224136352539,144.35006713867188,81.03175354003906,136.45223999023438,293.7056884765625,275.1670227050781,137.45150756835938,49.35234832763672,189.08592224121094,392.1567687988281,312.9739074707031,320.3724060058594,38.1510009765625,45.73002624511719,146.9054718017578,230.16722106933594,37.11551284790039,97.74082946777344
2023-10-09,176.7537841796875,128.25999450683594,24.737899780273438,148.34523010253906,82.75125885009766,137.2853546142578,293.8278503417969,277.553955078125,137.138916015625,49.11088562011719,190.2230682373047,388.9739685058594,315.8811340332031,322.87860107421875,38.595001220703125,45.24135971069336,147.88612365722656,229.5796661376953,37.12486267089844,101.16089630126953
2023-10-10,176.16123962402344,129.47999572753906,25.396072387695312,148.18507385253906,83.03457641601562,136.92828369140625,295.8580322265625,281.18121337890625,137.97251892089844,50.178916931152344,192.1277618408203,394.521728515625,319.333984375,321.47869873046875,37.332000732421875,45.7660026550293,150.6722412109375,231.69485473632812,37.23707580566406,100.73223114013672
2023-10-11,177.55364990234375,131.8300018310547,25.405479431152344,143.34463500976562,82.89779663085938,139.39785766601562,294.2132263183594,280.0817565917969,138.44615173339844,49.88172149658203,192.6394500732422,393.9699401855469,325.2674865722656,325.423828125,36.59299850463867,46.77329635620117,149.04090881347656,230.7938995361328,37.11551284790039,97.12065887451172
2023-10-12,178.45228576660156,132.3300018310547,25.292646408081055,143.46031188964844,82.40931701660156,137.830810546875,291.2336120605469,275.35504150390625,138.12405395507812,49.045875549316406,186.58421325683594,394.05859375,321.635986328125,324.1903991699219,36.119998931884766,46.912193298339844,144.8800048828125,231.87112426757812,37.162261962890625,97.10242462158203
2023-10-13,176.61550903320312,129.7899932861328,25.161012649536133,145.9783935546875,82.40931701660156,136.23402404785156,290.7166748046875,274.3212890625,140.19863891601562,49.12016677856445,185.4944610595703,392.21588134765625,312.23974609375,320.8326110839844,35.56800079345703,45.429229736328125,146.63966369628906,232.74266052246094,38.30313491821289,100.20327758789062
2023-10-16,176.4871063232422,132.5500030517578,25.37727165222168,147.17071533203125,83.73802185058594,137.9597625732422,295.5008850097656,279.4051818847656,140.0565185546875,49.62168502807617,187.863525390625,395.3002014160156,318.64935302734375,325.63922119140625,36.082000732421875,46.06278991699219,147.62950134277344,235.09292602539062,38.9483757019043,100.27623748779297
2023-10-17,174.93670654296875,131.47000122070312,25.969623565673828,149.1193389892578,84.21674346923828,138.57467651367188,290.7731018066406,278.0989685058594,139.75341796875,50.216068267822266,187.7687530517578,395.90130615234375,321.4772033691406,325.0714111328125,35.571998596191406,43.90729904174805,146.97879028320312,236.19947814941406,39.25697326660156,101.58954620361328
2023-10-18,173.6431121826172,128.1300048828125,25.678150177001953,150.30274963378906,82.73171997070312,136.82911682128906,283.8177490234375,272.74261474609375,138.21881103515625,50.19748306274414,183.32444763183594,387.46630859375,314.501953125,323.1625061035156,34.61899948120117,42.1665153503418,148.5001983642578,232.54681396484375,38.83616256713867,103.01228332519531
2023-10-19,173.26788330078125,128.39999389648438,25.349061965942383,150.46292114257812,81.3346176147461,136.62081909179688,281.21417236328125,269.4818115234375,137.63148498535156,50.476104736328125,180.48162841796875,382.20428466796875,310.37432861328125,324.34698486328125,40.176998138427734,42.07158660888672,147.1529083251953,228.96267700195312,38.50886917114258,103.07614135742188
2023-10-20,170.72012329101562,125.16999816894531,24.737899780273438,148.44309997558594,80.74842071533203,134.48846435546875,282.0224304199219,269.14349365234375,135.41485595703125,50.6804313659668,180.51954650878906,378.794921875,306.2467041015625,319.7948303222656,40.09600067138672,41.35808181762695,146.63966369628906,228.54164123535156,37.657894134521484,101.30682373046875
2023-10-23,170.83859252929688,126.55999755859375,24.042118072509766,142.9709014892578,81.18806457519531,135.38107299804688,281.2423400878906,267.88427734375,133.56761169433594,50.22535705566406,178.51060485839844,378.065673828125,311.56500244140625,322.3891296386719,40.683998107910156,42.94497299194336,146.7130126953125,226.72994995117188,36.91913604736328,99.82022857666016
2023-10-24,171.27308654785156,128.55999755859375,23.94809341430664,139.3850555419922,80.66048431396484,137.67213439941406,281.2047119140625,266.2303771972656,133.72865295410156,51.67416763305664,177.51930236816406,381.25836181640625,310.11639404296875,323.5735778808594,41.37300109863281,43.632484436035156,148.6468048095703,229.78529357910156,36.73210144042969,98.85350036621094
2023-10-25,168.96234130859375,121.38999938964844,24.023313522338867,138.69102478027344,78.7358169555664,124.5803451538086,278.9302062988281,263.99383544921875,132.99923706054688,52.11994552612305,177.3763427734375,380.6670837402344,297.1977844238281,333.5002746582031,41.125,41.749813079833984,148.79345703125,231.93968200683594,36.49832534790039,99.03589630126953
2023-10-26,164.804931640625,119.56999969482422,24.55925941467285,137.69448852539062,77.94445037841797,121.27763366699219,279.14630126953125,261.240478515625,133.3402557373047,51.8041877746582,176.08001708984375,359.264404296875,286.1048278808594,320.9891662597656,40.354000091552734,40.297821044921875,147.9319305419922,226.4851531982422,37.0781135559082,98.13298797607422
2023-10-27,166.11830139160156,127.73999786376953,23.666019439697266,128.44068908691406,77.50479888916016,121.16854858398438,272.4917297363281,259.79327392578125,128.53753662109375,51.302669525146484,175.02200317382812,358.7618713378906,294.4195556640625,322.8687744140625,39.7869987487793,40.471702575683594,146.29139709472656,224.516845703125,36.24583053588867,96.26337432861328
2023-10-30,168.1624755859375,132.7100067138672,24.154951095581055,129.98892211914062,78.82374572753906,123.43977355957031,282.7555847167969,264.51068115234375,130.1763153076172,52.14781188964844,178.9299774169922,366.97998046875,300.3033752441406,330.2109069824219,41.007999420166016,41.13223648071289,148.7293243408203,228.24783325195312,36.87237548828125,96.56432342529297
2023-10-31,168.636474609375,133.08999633789062,24.7661075592041,129.6685791015625,79.71281433105469,123.0628890991211,285.3685607910156,267.5272216796875,131.72987365722656,52.46357727050781,181.6465606689453,370.8526306152344,298.9241943359375,330.9940490722656,41.16899871826172,40.75151062011719,149.64578247070312,230.22598266601562,37.1903190612793,96.53695678710938
2023-11-01,171.79647827148438,137.0,24.822521209716797,128.11148071289062,79.20478057861328,125.41345977783203,288.70526123046875,269.35028076171875,131.6162109375,52.417137145996094,182.3328094482422,372.3011169433594,309.42181396484375,338.7865905761719,42.01900100708008,42.29542922973633,151.10302734375,233.63381958007812,37.04069519042969,96.34544372558594
2023-11-02,175.35150146484375,138.07000732421875,25.969623565673828,132.3646240234375,81.37369537353516,126.44493865966797,294.90875244140625,276.7739562988281,133.96548461914062,53.020809173583984,185.22097778320312,377.1000061035156,308.449462890625,340.9892272949219,42.47100067138672,43.47559356689453,152.89935302734375,238.20700073242188,38.22004318237305,99.51013946533203
2023-11-03,174.44297790527344,138.60000610351562,26.721824645996094,131.3413848876953,83.11274719238281,128.04173278808594,307.9360656738281,277.7887878417969,135.46218872070312,52.69575881958008,185.81192016601562,380.41094970703125,312.150390625,345.3749084472656,43.236000061035156,44.973548889160156,152.86270141601562,238.54974365234375,39.26729202270508,98.29716491699219
2023-11-06,176.99073791503906,139.74000549316406,26.6372013092041,130.7986297607422,82.08689880371094,129.1822967529297,304.4488830566406,276.8115234375,136.48526000976562,52.909366607666016,185.1351776123047,380.519287109375,313.341064453125,349.0263977050781,43.4739990234375,45.71902847290039,152.78018188476562,238.44204711914062,39.00312042236328,96.55520629882812
2023-11-07,179.54843139648438,142.7100067138672,26.477354049682617,128.4940948486328,82.64378356933594,129.8964080810547,304.48651123046875,276.9994812011719,136.41896057128906,53.10439682006836,185.46878051757812,383.189697265625,316.33758544921875,352.94219970703125,43.46099853515625,45.922889709472656,153.22012329101562,239.69549560546875,38.72007369995117,95.04127502441406
2023-11-08,180.6050567626953,142.0800018310547,26.223491668701172,126.70559692382812,82.55584716796875,130.75926208496094,305.059814453125,278.08013916015625,137.09153747558594,53.020809173583984,185.56407165527344,384.00762939453125,317.2900695800781,355.5560607910156,43.665000915527344,46.54145431518555,153.41259765625,239.36181640625,38.66346740722656,93.87388610839844
2023-11-09,180.13101196289062,140.60000610351562,25.885000228881836,126.29630279541016,88.26148986816406,129.1724090576172,301.5069274902344,270.51544189453125,136.68418884277344,52.6214599609375,181.57032775878906,382.29302978515625,318.0540466308594,353.0988464355469,43.51499938964844,46.91719436645508,152.2853240966797,237.13414001464844,38.11626434326172,93.90123748779297
2023-11-10,184.3136749267578,143.55999755859375,26.02604103088379,127.19497680664062,86.23912048339844,131.5031280517578,305.9527282714844,274.0111999511719,138.71139526367188,52.677181243896484,185.48785400390625,388.61920166015625,326.2100524902344,361.889892578125,44.7239990234375,48.30122756958008,152.98184204101562,240.6768341064453,38.578556060791016,94.62173461914062
2023-11-13,182.73158264160156,142.58999633789062,26.044843673706055,128.1292724609375,87.3822021484375,131.00721740722656,307.2686462402344,270.7034606933594,138.09564208984375,52.872215270996094,184.763427734375,388.5897216796875,326.62677001953125,358.9627380371094,44.46200180053711,48.58602523803711,153.76089477539062,240.10763549804688,38.4653434753418,95.61583709716797
2023-11-14,185.34207153320312,145.8000030517578,27.47402000427246,129.0635528564453,88.97469329833984,132.52468872070312,318.36907958984375,285.3253479003906,140.61544799804688,53.03009796142578,192.77011108398438,391.84149169921875,333.69134521484375,362.4771728515625,44.8650016784668,49.62129592895508,154.07249450683594,242.3353271484375,39.701290130615234,95.9839859008789
2023-11-15,185.90567016601562,143.1999969482422,27.850122451782227,129.51731872558594,91.7688980102539,133.51649475097656,317.3163757324219,289.61041259765625,141.846923828125,53.132259368896484,195.2578887939453,391.0334167480469,330.1194152832031,362.6243591308594,46.194000244140625,48.85383605957031,153.28428649902344,243.48348999023438,40.418331146240234,95.40415954589844
2023-11-16,187.58663940429688,142.8300018310547,27.77490234375,127.46733856201172,92.33556365966797,135.8075408935547,316.4422302246094,287.9659423828125,143.466796875,53.0765380859375,192.80819702148438,391.2994689941406,331.587890625,369.00048828125,46.69499969482422,49.44542694091797,153.70587158203125,243.93490600585938,40.125850677490234,94.29972076416016
2023-11-17,187.56687927246094,145.17999267578125,28.188610076904297,129.88597106933594,91.98383331298828,134.20083618164062,318.81085205078125,288.745849609375,144.76458740234375,53.17869186401367,194.1617431640625,394.4527587890625,332.4312744140625,362.8009948730469,46.590999603271484,49.26355743408203,152.83522033691406,244.90646362304688,40.531551361083984,96.60061645507812
2023-11-20,189.30715942382812,146.1300048828125,28.21681785583496,129.8140411376953,92.84358978271484,135.13311767578125,319.0552673339844,289.61041259765625,145.2097625732422,53.308719635009766,194.86709594726562,398.4928894042969,337.3228454589844,370.2463073730469,47.446998596191406,50.373775482177734,152.61524963378906,245.308837890625,40.37115478515625,96.17725372314453
2023-11-21,188.50619506835938,143.89999389648438,27.887733459472656,129.5083465576172,92.27693939208984,135.84722900390625,314.84442138671875,286.9322814941406,144.9066619873047,53.8938102722168,188.7858428955078,402.9764404296875,334.35614013671875,365.9595947265625,47.494998931884766,49.90910339355469,153.7883758544922,247.5266571044922,40.191890716552734,96.14042663574219
2023-11-22,189.16871643066406,146.7100067138672,27.859519958496094,129.76910400390625,92.88267517089844,137.35476684570312,318.29388427734375,290.5595703125,145.24769592285156,54.25601577758789,189.1861572265625,404.3362121582031,338.83099365234375,370.6484680175781,47.79999923706055,48.681949615478516,155.0897979736328,248.98887634277344,40.361724853515625,95.72628021240234
2023-11-24,187.84375,146.74000549316406,27.95354461669922,130.28158569335938,93.84989166259766,135.5695343017578,318.7732849121094,291.9691467285156,145.44662475585938,54.39532470703125,189.74855041503906,406.47454833984375,335.5964050292969,370.23651123046875,47.95600128173828,47.742618560791016,155.22726440429688,249.55807495117188,40.493804931640625,96.24166107177734
2023-11-27,187.66574096679688,147.72999572753906,27.793704986572266,129.7960662841797,92.9803695678711,135.29183959960938,317.41973876953125,292.17584228515625,145.11508178710938,54.29315948486328,190.46340942382812,402.9961242675781,332.09393310546875,371.39398193359375,47.91699981689453,48.208290100097656,154.2649383544922,249.4010772705078,40.58815383911133,95.68025970458984
2023-11-28,188.2689208984375,147.02999877929688,27.7654972076416,130.83004760742188,90.37179565429688,136.0753173828125,317.3634338378906,294.4499816894531,145.44662475585938,54.40460968017578,190.6826629638672,403.0355224609375,336.3504943847656,375.4060974121094,47.900001525878906,47.78758239746094,154.7598419189453,248.2234344482422,40.918373107910156,95.62504577636719
2023-11-29,187.2504425048828,146.32000732421875,28.498891830444336,129.39144897460938,90.37179565429688,133.88348388671875,322.4427490234375,294.2323913574219,146.18553161621094,54.07955551147461,190.55874633789062,403.8337707519531,329.6134033203125,371.62945556640625,47.71900177001953,48.106361389160156,153.20179748535156,249.48939514160156,41.30519485473633,94.18927764892578
2023-11-30,187.8239288330078,146.08999633789062,28.89694595336914,129.1127471923828,90.55742645263672,131.44363403320312,323.6557312011719,296.5690612792969,147.85272216796875,54.706756591796875,189.51979064941406,407.7851257324219,324.6026916503906,371.6882629394531,47.39699935913086,46.73731994628906,155.41355895996094,251.89369201660156,42.069400787353516,94.55742645263672
2023-12-01,189.09950256347656,147.02999877929688,29.342388153076172,130.20066833496094,90.44996643066406,130.7790985107422,330.1849060058594,302.3681945800781,148.57266235351562,54.89398193359375,194.37144470214844,408.3074035644531,322.29083251953125,367.37213134765625,46.57400131225586,46.73232650756836,155.782958984375,251.66799926757812,42.47509765625,94.78750610351562
2023-12-04,187.30975341796875,144.83999633789062,29.209705352783203,130.2545928955078,89.89306640625,128.21034240722656,331.09466552734375,306.5306396484375,149.66207885742188,54.828453063964844,197.8314666748047,402.2669372558594,317.5281677246094,362.1044921875,45.38999938964844,45.47820281982422,156.19850158691406,249.6954803466797,42.56943893432617,94.2721176147461
2023-12-05,191.255126953125,146.8800048828125,28.98224639892578,128.44740295410156,88.70114135742188,129.916259765625,323.8547058105469,306.0387878417969,149.64308166503906,54.91270065307617,196.27780151367188,402.72015380859375,315.8116760253906,365.4200744628906,45.51499938964844,46.53755569458008,155.09033203125,249.8623046875,41.97505569458008,92.44060516357422
2023-12-06,190.1674041748047,144.52000427246094,28.934858322143555,128.15069580078125,89.39480590820312,128.95419311523438,324.063232421875,308.50787353515625,148.07061767578125,54.85653305053711,198.9276123046875,404.3855285644531,314.97821044921875,361.77093505859375,44.67300033569336,45.47520065307617,154.6932373046875,249.5482635498047,41.9844970703125,91.2165298461914
2023-12-07,192.09559631347656,146.8800048828125,29.058063507080078,128.0517578125,90.22525024414062,135.8075408935547,326.5743713378906,308.5646667480469,148.52529907226562,54.98759460449219,198.54632568359375,407.11505126953125,324.04705810546875,363.8800354003906,45.20000076293945,46.56753921508789,154.6470489501953,251.0497589111328,42.833614349365234,90.58148193359375
2023-12-08,193.5194854736328,147.4199981689453,29.342388153076172,129.7510986328125,90.97998809814453,133.88348388671875,332.4591979980469,308.84844970703125,150.1641387939453,54.86589050292969,198.09832763671875,406.1395568847656,330.15911865234375,367.0974426269531,45.375999450683594,47.47697448730469,153.0032501220703,250.97125244140625,43.494041442871094,91.62149810791016
2023-12-11,191.01780700683594,145.88999938964844,29.238136291503906,129.78709411621094,90.37227630615234,132.19740295410156,333.340576171875,313.44610595703125,150.71356201171875,55.26842498779297,196.67811584472656,409.6376647949219,322.74725341796875,364.2232360839844,45.98899841308594,46.598514556884766,154.97952270507812,251.73667907714844,43.39970779418945,91.68590545654297
2023-12-12,192.53067016601562,147.47999572753906,29.133886337280273,128.1237030029297,89.2646713256836,131.43370056152344,334.14605712890625,315.2151794433594,152.05870056152344,55.62415313720703,198.9276123046875,414.60400390625,331.61767578125,367.24462890625,46.29999923706055,47.62788772583008,155.57977294921875,254.719970703125,43.843135833740234,90.24095153808594
2023-12-13,195.74429321289062,148.83999633789062,30.3659610748291,130.02084350585938,90.98978424072266,131.4832763671875,343.736083984375,324.8646240234375,152.57020568847656,56.1015739440918,205.3615264892578,418.4766540527344,332.1335754394531,367.23480224609375,47.99800109863281,48.05862808227539,158.84893798828125,257.4873962402344,45.060203552246094,91.0416488647461
2023-12-14,195.89259338378906,147.4199981689453,32.166690826416016,134.80410766601562,92.0777816772461,130.8584442138672,363.3901062011719,332.8207092285156,155.34576416015625,55.26842498779297,214.9790496826172,412.4460144042969,330.5758361816406,358.9556579589844,46.983001708984375,48.32046127319336,155.3765869140625,253.90545654296875,47.65475845336914,93.48980712890625
2023-12-15,195.35865783691406,149.97000122070312,31.844453811645508,134.28265380859375,91.6072998046875,131.5130615234375,360.5850830078125,334.8924865722656,156.52041625976562,54.85653305053711,215.0267333984375,412.45587158203125,332.31219482421875,363.66424560546875,47.20600128173828,48.860130310058594,154.2222442626953,253.21853637695312,47.466060638427734,92.86397552490234
2023-12-18,193.6974639892578,154.07000732421875,31.68333625793457,134.579345703125,91.0191879272461,134.6868438720703,356.6902770996094,331.87469482421875,157.46768188476562,55.24970245361328,213.56838989257812,418.23028564453125,341.9366455078125,365.5475769042969,48.61199951171875,50.046409606933594,155.98609924316406,253.5522003173828,46.85280990600586,93.55424499511719
2023-12-19,194.73573303222656,153.7899932861328,31.7591552734375,136.3415985107422,92.06797790527344,135.52984619140625,362.42352294921875,333.066650390625,159.57066345214844,55.071842193603516,214.86468505859375,419.2550964355469,347.6319274902344,366.1459655761719,49.50199890136719,49.573692321777344,155.09954833984375,255.14199829101562,47.25849914550781,94.78750610351562
2023-12-20,192.64932250976562,152.1199951171875,31.256847381591797,135.09182739257812,89.46070861816406,137.20599365234375,357.7516784667969,329.8407287597656,157.7708282470703,53.929771423339844,211.6143798828125,413.322998046875,346.5603332519531,363.55621337890625,48.926998138427734,48.081607818603516,153.01248168945312,252.31570434570312,46.55089569091797,93.20450592041016
2023-12-21,192.5009765625,153.83999633789062,31.465347290039062,135.5054473876953,90.19583129882812,139.26895141601562,360.6419372558594,330.134033203125,158.67074584960938,54.28550720214844,213.08226013183594,417.2547302246094,351.3328857421875,366.4206237792969,49.1609992980957,48.96006774902344,154.1945343017578,254.70040893554688,46.65467834472656,93.62786102294922
2023-12-22,191.43309020996094,153.4199981689453,31.68333625793457,135.81114196777344,89.21566772460938,140.33018493652344,360.71771240234375,329.77447509765625,158.5760040283203,54.59442138671875,212.55801391601562,417.90509033203125,350.6383972167969,367.4407653808594,48.67599868774414,48.80017852783203,154.8502197265625,253.61102294921875,46.39994430541992,93.79353332519531
2023-12-26,190.88925170898438,153.41000366210938,32.09086227416992,137.03392028808594,89.14704895019531,140.35992431640625,361.62744140625,330.4555969238281,159.51382446289062,54.819091796875,212.3864288330078,417.48138427734375,352.067138671875,367.5192565917969,49.11899948120117,49.2488899230957,155.93994140625,254.32745361328125,46.83393096923828,94.00520324707031
2023-12-27,190.98812866210938,153.33999633789062,32.07191467285156,136.58436584472656,88.5883560180664,139.2193603515625,364.34716796875,329.7177429199219,160.47059631347656,54.95950698852539,212.4531707763672,418.1612854003906,355.0437927246094,366.9405822753906,49.17900085449219,49.38681411743164,156.43861389160156,254.10174560546875,46.541465759277344,93.56343078613281
2023-12-28,191.41334533691406,153.3800048828125,32.109825134277344,134.66026306152344,88.60795593261719,139.08050537109375,366.1761169433594,328.6108703613281,161.3231658935547,54.996952056884766,212.462646484375,420.0926818847656,355.5299987792969,368.1274719238281,49.05099868774414,49.49174499511719,156.4293975830078,255.54429626464844,46.6829833984375,92.21051788330078
2023-12-29,190.37509155273438,151.94000244140625,31.910797119140625,134.11181640625,88.50013732910156,138.544921875,365.569580078125,327.8446044921875,161.13369750976562,55.16545104980469,212.1290740966797,420.2799377441406,351.2039489746094,368.87298583984375,48.6879997253418,49.49174499511719,156.84495544433594,255.4952392578125,46.437679290771484,92.01724243164062
2024-01-02,183.5621795654297,149.92999267578125,32.128780364990234,134.39950561523438,88.91181182861328,137.03736877441406,367.9671630859375,326.4539794921875,163.00933837890625,55.998600006103516,208.4116973876953,415.7274169921875,343.5936279296875,363.80145263671875,46.849998474121094,48.13856887817383,159.68008422851562,254.04286193847656,46.541465759277344,94.20769500732422
2024-01-03,182.18775939941406,148.47000122070312,31.77811050415039,136.96200561523438,89.83318328857422,137.78126525878906,361.7980651855469,320.0021057128906,162.2988739013672,56.12965774536133,202.33045959472656,412.6529541015625,341.787841796875,363.5366516113281,47.0260009765625,47.53993606567383,159.7169952392578,253.16949462890625,45.92820739746094,94.99919128417969
2024-01-04,179.87393188476562,144.57000732421875,32.034000396728516,135.46047973632812,88.76477813720703,135.27198791503906,362.8973693847656,320.3143005371094,163.3759002685547,55.94242858886719,201.3296356201172,413.6383361816406,344.417236328125,360.9273681640625,47.46699905395508,47.96867752075195,158.35023498535156,254.76907348632812,46.49428939819336,94.1708755493164
2024-01-05,179.152099609375,145.24000549316406,32.63108444213867,135.22669982910156,89.09805297851562,134.6173858642578,366.20452880859375,324.4294738769531,164.1956024169922,55.85817337036133,202.5592041015625,413.29345703125,349.2096252441406,360.7409973144531,47.40599822998047,49.06700897216797,156.01382446289062,254.84759521484375,47.098106384277344,94.45618438720703
2024-01-08,183.4830780029297,149.10000610351562,32.37519073486328,134.41749572753906,89.73516082763672,137.70187377929688,368.49786376953125,329.1501159667969,163.95730590820312,56.27006912231445,206.97242736816406,416.471435546875,355.8673400878906,367.5486755371094,48.50299835205078,52.22107696533203,156.17080688476562,257.6444396972656,47.098106384277344,92.88236999511719
2024-01-09,183.06781005859375,151.3699951171875,31.872886657714844,131.00086975097656,87.89241790771484,139.79457092285156,363.6459655761719,327.50408935546875,162.6610565185547,56.16709899902344,206.84849548339844,417.08331298828125,354.6469421386719,368.62774658203125,48.20899963378906,53.10753631591797,154.37924194335938,258.4196472167969,46.50372314453125,91.73194122314453
2024-01-10,184.10601806640625,153.72999572753906,31.844453811645508,129.9219207763672,87.51996612548828,141.11367797851562,361.9591979980469,337.54132080078125,163.00418090820312,56.35432434082031,209.89865112304688,422.67926025390625,367.5854187011719,375.4746398925781,47.83300018310547,54.31679916381836,154.14840698242188,259.626708984375,46.30559539794922,90.82997131347656
2024-01-11,183.5127410888672,155.17999267578125,31.41796875,130.6232452392578,87.6767807006836,140.91534423828125,359.8648681640625,337.28594970703125,162.31793212890625,55.989234924316406,209.8509979248047,421.14959716796875,366.7916259765625,377.2991943359375,49.222999572753906,54.78850555419922,153.4188232421875,259.1065979003906,46.267852783203125,90.81157684326172
2024-01-12,183.83905029296875,154.6199951171875,31.08625030517578,132.4124755859375,88.55894470214844,141.4806671142578,357.96966552734375,336.51019287109375,161.12652587890625,56.532188415527344,208.65951538085938,423.4985046386719,371.5740966796875,381.0660095214844,49.215999603271484,54.676578521728516,154.4716033935547,259.2440490722656,44.72056579589844,91.98963165283203
2024-01-16,181.57469177246094,153.16000366210938,30.44178009033203,129.1936492919922,91.20542907714844,141.32196044921875,360.5282287597656,339.0833740234375,160.11622619628906,56.157737731933594,210.1083526611328,422.75830078125,364.5987854003906,382.8317565917969,48.124000549316406,56.34755325317383,153.4557647705078,260.29412841796875,44.17334747314453,89.90962982177734
2024-01-17,180.63531494140625,151.7100067138672,30.13850212097168,128.68113708496094,88.54914855957031,140.3103485107422,357.42950439453125,336.5007629394531,159.25839233398438,56.157737731933594,207.83978271484375,421.8404846191406,365.5016784667969,382.0470275878906,48.03300094604492,56.018760681152344,153.70510864257812,261.6581726074219,44.031829833984375,89.25618743896484
2024-01-18,186.51873779296875,153.5,30.07215690612793,127.51231384277344,90.382080078125,142.30386352539062,357.1736145019531,338.5819396972656,159.5729217529297,56.316871643066406,208.0113525390625,425.0973205566406,373.2012939453125,386.3631591796875,48.53099822998047,57.072113037109375,154.37924194335938,263.1399841308594,43.814823150634766,89.09051513671875
2024-01-19,189.4158935546875,155.33999633789062,30.53655433654785,127.88993835449219,91.21522521972656,145.18006896972656,362.1866455078125,342.8486022949219,162.3274688720703,56.00796127319336,209.70799255371094,431.0782470703125,380.46429443359375,391.07171630859375,48.29499816894531,59.45465850830078,153.09559631347656,265.8485107421875,45.39986038208008,89.22856140136719
2024-01-22,191.7198486328125,154.77999877929688,30.849313735961914,128.1147003173828,93.19518280029297,144.7932586669922,365.74969482421875,337.4372863769531,162.13685607910156,55.76456832885742,209.56503295898438,434.00946044921875,378.8072814941406,388.9528503417969,48.57099914550781,59.61756134033203,152.47683715820312,266.1429443359375,45.78668212890625,89.10891723632812
2024-01-23,192.9954071044922,156.02000427246094,31.05782127380371,127.75507354736328,91.91114807128906,145.8346710205078,360.8314514160156,331.84625244140625,161.06935119628906,56.02667999267578,205.45538330078125,433.03240966796875,382.2007141113281,391.2972106933594,49.21900177001953,59.83641815185547,154.81326293945312,266.2017822265625,46.34333038330078,90.11212158203125
2024-01-24,192.32301330566406,156.8699951171875,31.256847381591797,130.29954528808594,91.64651489257812,147.48106384277344,359.5332336425781,328.5257263183594,162.50856018066406,55.146728515625,201.70013427734375,432.97320556640625,387.65789794921875,394.8875427246094,54.48699951171875,61.32451629638672,152.9293975830078,266.5845031738281,46.692420959472656,91.66749572753906
2024-01-25,191.9967041015625,157.75,31.645423889160156,133.5813446044922,92.97954559326172,150.6250762939453,362.660400390625,332.0260925292969,164.83421325683594,55.380760192871094,203.1658477783203,431.09796142578125,390.1185607910156,397.15350341796875,56.20000076293945,61.5793571472168,153.81590270996094,267.526611328125,47.06037139892578,93.9959945678711
2024-01-26,190.2662811279297,159.1199951171875,31.68333625793457,134.0938262939453,93.4696273803711,150.94248962402344,358.00750732421875,336.1222839355469,164.20513916015625,55.57733917236328,203.0700225830078,432.8053894042969,391.07110595703125,396.2313537597656,57.04199981689453,60.99371337890625,155.01644897460938,262.9437561035156,47.47549819946289,94.79670715332031
2024-01-29,189.5840301513672,161.25999450683594,31.853931427001953,134.0398712158203,95.55740356445312,152.25160217285156,360.6324768066406,336.5007629394531,164.63400268554688,55.914344787597656,202.93589782714844,434.8285827636719,397.89752197265625,401.91107177734375,57.57899856567383,62.42683792114258,155.2842559814453,268.5570983886719,47.50380325317383,94.9163589477539
2024-01-30,185.9353485107422,159.0,32.9722785949707,134.97494506835938,95.018310546875,150.21844482421875,366.612060546875,337.8251647949219,168.00811767578125,56.07349395751953,205.50328063964844,439.3783874511719,396.9449768066406,400.80255126953125,56.28499984741211,62.735652923583984,156.6417999267578,271.98199462890625,48.29631423950195,96.49935913085938
2024-01-31,182.3360595703125,155.1999969482422,32.2330322265625,132.55633544921875,94.14595794677734,138.95155334472656,363.90185546875,333.9085998535156,166.18763732910156,55.68967819213867,203.89389038085938,443.36572265625,387.10223388671875,390.0023498535156,56.4109992980957,61.48941421508789,155.63519287109375,268.16455078125,47.34341049194336,94.62184143066406
2024-02-01,184.76853942871094,159.27999877929688,31.79706573486328,132.96990966796875,95.13593292236328,140.00291442871094,363.7502136230469,340.6348571777344,165.587158203125,57.08449172973633,210.97325134277344,454.90313720703125,391.70611572265625,396.084228515625,56.750999450683594,62.98849105834961,158.56260681152344,271.8837890625,46.29829788208008,94.23529815673828
2024-02-02,183.76983642578125,171.80999755859375,31.721250534057617,136.88107299804688,95.20453643798828,141.212890625,367.5501403808594,337.94818115234375,166.540283203125,56.672603607177734,210.26437377929688,454.5675048828125,471.2915344238281,403.3824768066406,56.4640007019043,66.11958312988281,157.88848876953125,272.01141357421875,46.70684814453125,93.84876251220703
2024-02-05,185.57936096191406,170.30999755859375,31.26633071899414,136.96200561523438,94.73406219482422,142.50221252441406,362.963623046875,335.9709777832031,166.32107543945312,56.20454025268555,208.84657287597656,450.7973937988281,455.8328857421875,397.9186096191406,56.20600128173828,69.28964233398438,157.8423309326172,270.4412841796875,46.269805908203125,93.46220397949219
2024-02-06,187.18121337890625,169.14999389648438,31.3137149810791,136.97999572753906,97.32173156738281,142.9187774658203,364.83050537109375,337.0210266113281,166.89297485351562,56.110923767089844,208.95193481445312,454.4886169433594,451.1793518066406,397.7616882324219,55.5880012512207,68.18132019042969,158.30404663085938,271.5992736816406,45.88026428222656,94.10646057128906
2024-02-07,187.28997802734375,170.52999877929688,31.446399688720703,136.7821807861328,97.1747055053711,144.3469696044922,366.4130554199219,343.1134338378906,167.20745849609375,56.157737731933594,212.37191772460938,455.8801574707031,465.9335632324219,406.1585693359375,55.93000030517578,70.05616760253906,158.35023498535156,274.18023681640625,46.06077575683594,94.07882690429688
2024-02-08,186.21218872070312,169.83999633789062,31.389528274536133,138.5174560546875,108.34871673583984,144.7139129638672,364.8778991699219,344.0878601074219,166.60702514648438,56.00796127319336,211.1265411376953,452.2778625488281,466.3404235839844,406.2173767089844,55.85300064086914,69.59844970703125,160.54815673828125,271.1421813964844,45.9372673034668,95.68946838378906
2024-02-09,186.9745330810547,174.4499969482422,31.342145919799805,135.80213928222656,106.2413330078125,147.77862548828125,364.13873291015625,343.548583984375,166.8071746826172,55.755210876464844,212.9179229736328,451.9028015136719,464.465087890625,412.5346374511719,56.13199996948242,72.08895111083984,154.84097290039062,271.7812194824219,45.66173553466797,93.66466522216797
2024-02-12,185.29139709472656,172.33999633789062,31.863405227661133,136.73719787597656,107.12349700927734,146.32064819335938,372.0799865722656,345.7244873046875,167.5506134033203,55.886260986328125,220.198486328125,452.7220153808594,465.2489318847656,407.3454895019531,55.78499984741211,72.20386505126953,157.55606079101562,270.444091796875,46.478824615478516,94.95318603515625
2024-02-13,183.2023468017578,168.63999938964844,31.038864135742188,135.40652465820312,108.27030181884766,143.9502410888672,358.9172058105469,338.28875732421875,166.0923309326172,55.55862045288086,215.95468139648438,454.4490966796875,456.5373229980469,398.5758361816406,55.45199966430664,72.08395385742188,155.9584197998047,271.17169189453125,45.83275604248047,94.1357421875
2024-02-14,182.3212127685547,170.97999572753906,31.39900779724121,135.775146484375,109.34849548339844,144.7436981201172,358.2444763183594,338.8941955566406,167.7793731689453,55.50244903564453,217.3916473388672,459.11737060546875,469.5948791503906,402.42822265625,57.93299865722656,73.8548583984375,154.70248413085938,272.89227294921875,46.108280181884766,93.6712875366211
2024-02-15,182.03411865234375,169.8000030517578,32.28990173339844,140.39251708984375,110.2208480834961,141.5996856689453,365.23797607421875,341.5903625488281,171.4393768310547,55.605430603027344,218.73280334472656,465.12786865234375,480.26116943359375,399.5487365722656,59.34600067138672,72.61360931396484,155.01644897460938,276.2547607421875,49.44313430786133,96.35584259033203
2024-02-16,180.49945068359375,169.50999450683594,32.30885314941406,140.54702758789062,109.38770294189453,139.3681182861328,364.3092956542969,342.79180908203125,170.6387481689453,55.5960693359375,217.3150177001953,462.0190124511719,469.6346435546875,397.0918884277344,58.39500045776367,72.56863403320312,153.59429931640625,273.8753967285156,49.319618225097656,96.35584259033203
2024-02-20,179.7569122314453,167.0800018310547,32.185638427734375,139.9744110107422,107.27051544189453,139.96322631835938,364.38507080078125,342.9999084472656,171.3059539794922,56.82238006591797,216.03135681152344,445.852783203125,468.07672119140625,395.8438415527344,57.51300048828125,69.40957641601562,155.74600219726562,270.52276611328125,49.18659973144531,95.44551849365234
2024-02-21,180.50942993164062,168.58999633789062,31.939226150512695,141.28326416015625,105.53560638427734,141.3814697265625,367.9387512207031,344.4756774902344,172.42112731933594,57.327884674072266,218.2154998779297,453.0574951171875,464.87847900390625,395.24432373046875,57.334999084472656,67.43079376220703,155.91224670410156,272.105712890625,50.032188415527344,97.39619445800781
2024-02-22,182.53900146484375,174.5800018310547,31.853931427001953,141.27415466308594,105.5062026977539,142.90884399414062,370.0235595703125,351.2965393066406,174.48941040039062,57.24363327026367,220.8211669921875,465.4042053222656,482.8565979003906,404.5509948730469,58.84700012207031,78.49002075195312,155.3765869140625,278.9781188964844,50.706756591796875,97.31261444091797
2024-02-23,180.7073974609375,174.99000549316406,32.14773178100586,140.57427978515625,105.60421752929688,142.77993774414062,370.57318115234375,351.8830871582031,175.3662872314453,57.290435791015625,222.78501892089844,467.239990234375,480.770751953125,403.26361083984375,58.35599899291992,78.76885986328125,156.62332153320312,278.8306884765625,51.17230987548828,96.4580078125
2024-02-26,179.3609161376953,174.72999572753906,31.853931427001953,140.38340759277344,105.54541015625,136.4423065185547,369.78662109375,351.5425109863281,174.76580810546875,56.83174514770508,221.59713745117188,468.315673828125,478.49615478515625,400.5119323730469,58.76499938964844,79.04369354248047,155.38584899902344,279.3714599609375,51.428836822509766,96.83887481689453
2024-02-27,180.81631469726562,173.5399932861328,32.488922119140625,138.30198669433594,107.25090789794922,137.74156188964844,370.34576416015625,355.2888488769531,174.85157775878906,56.48537826538086,225.49603271484375,468.5526123046875,483.7703857421875,400.452880859375,60.16699981689453,78.65291595458984,155.2935028076172,278.4079284667969,52.07490158081055,96.63450622558594
2024-02-28,179.6183319091797,173.16000366210938,32.51736068725586,138.46559143066406,108.60356140136719,135.2620391845703,375.2320251464844,357.2281188964844,175.73800659179688,56.54154586791992,228.76275634765625,472.59906005859375,480.76080322265625,400.6887512207031,59.64799880981445,77.61555480957031,154.24996948242188,280.82659912109375,51.98939514160156,96.90390014648438
2024-02-29,178.9550018310547,176.75999450683594,32.94684600830078,138.1656494140625,109.36810302734375,137.32501220703125,371.29058837890625,360.066162109375,177.3392333984375,56.185821533203125,230.55410766601562,468.5624084472656,486.8296813964844,406.5067443847656,60.29199981689453,79.06366729736328,153.85446166992188,277.8868408203125,52.81597137451172,97.08966064453125
2024-03-01,177.87579345703125,178.22000122070312,32.78459548950195,138.8927764892578,109.73076629638672,136.0158233642578,370.3839416503906,363.6989440917969,176.6053466796875,55.72711944580078,234.40516662597656,470.4080505371094,498.9176330566406,408.3345947265625,61.933998107910156,82.22872924804688,153.15660095214844,278.3981018066406,52.31243133544922,98.31583404541016
2024-03-04,173.3611297607422,177.5800018310547,33.54814147949219,135.32069396972656,111.43626403808594,132.2569122314453,374.344482421875,359.83917236328125,177.93019104003906,55.989234924316406,231.92404174804688,462.374267578125,494.83538818359375,407.7646179199219,61.58300018310547,85.1849136352539,153.8824005126953,275.8122863769531,53.025001525878906,96.9410400390625
2024-03-05,168.43052673339844,174.1199951171875,33.77720260620117,135.96604919433594,110.63253021240234,131.5824737548828,373.065673828125,358.0228271484375,179.71258544921875,55.7177619934082,230.69781494140625,461.4169616699219,486.9190368652344,395.70623779296875,59.849998474121094,85.91551971435547,150.78370666503906,274.681640625,53.77558135986328,98.13005065917969
2024-03-06,167.44046020507812,173.50999450683594,33.80582809448242,134.82080078125,107.87823486328125,130.32289123535156,371.786865234375,359.2029113769531,180.64662170410156,55.745845794677734,230.98521423339844,465.4436950683594,492.74951171875,395.1558532714844,59.76900100708008,88.64997100830078,151.6770477294922,275.7139587402344,54.26013946533203,99.17971801757812
2024-03-07,167.3216552734375,176.82000732421875,34.00626754760742,135.76608276367188,107.995849609375,133.27845764160156,370.6988525390625,358.3558654785156,179.06442260742188,55.64286804199219,231.55999755859375,461.43670654296875,508.7411193847656,402.0843505859375,60.85100173950195,92.6167221069336,151.7793731689453,273.58050537109375,54.15562438964844,99.737060546875
2024-03-08,169.03445434570312,175.35000610351562,33.97762680053711,136.22964477539062,108.1330795288086,134.30001831054688,369.3245849609375,355.31048583984375,179.3980255126953,55.7177619934082,231.7803192138672,463.1342468261719,502.54315185546875,399.2146301269531,60.481998443603516,87.47863006591797,151.72354125976562,275.3305358886719,54.22212600708008,100.67525482177734
2024-03-11,171.03445434570312,171.9600067138672,34.254417419433594,138.1565399169922,110.08362579345703,136.54150390625,368.5325012207031,353.5688781738281,179.46473693847656,56.39176559448242,230.83193969726562,463.03558349609375,480.33367919921875,397.5439758300781,60.09299850463867,85.72563171386719,153.28684997558594,275.8417663574219,54.241127014160156,101.26976776123047
2024-03-12,171.50965881347656,175.38999938964844,34.321224212646484,138.05657958984375,110.23065185546875,137.3646697998047,370.4602966308594,356.4429931640625,180.94207763671875,56.63515853881836,233.03526306152344,466.6971130371094,496.3848876953125,408.1183776855469,61.108001708984375,91.86116027832031,153.1100311279297,279.14532470703125,54.73517990112305,100.61951446533203
2024-03-13,169.43051147460938,176.55999755859375,34.43575668334961,139.87440490722656,110.26985931396484,138.64410400390625,374.4017333984375,360.677978515625,182.409912109375,57.21554946899414,237.01084899902344,469.40130615234375,492.2330322265625,407.9415283203125,60.94499969482422,90.83673858642578,153.81724548339844,280.3448181152344,54.93470001220703,101.7435073852539
2024-03-14,171.28195190429688,178.75,34.06352615356445,141.51956176757812,109.83857727050781,141.92698669433594,370.87060546875,357.1377258300781,179.1597442626953,57.088165283203125,234.34768676757812,473.2208251953125,488.5181579589844,417.8869934082031,61.30099868774414,87.8943862915039,153.3333740234375,281.59344482421875,54.50715255737305,103.54559326171875
2024-03-15,170.9057159423828,174.4199981689453,33.79629135131836,141.38327026367188,109.73076629638672,140.022705078125,369.5345153808594,355.1963195800781,181.3804931640625,56.503135681152344,234.44346618652344,469.61846923828125,480.8403015136719,409.23876953125,60.5880012512207,87.7874526977539,153.2217254638672,278.28009033203125,54.64017105102539,103.35980987548828
2024-03-18,171.99481201171875,174.47999572753906,34.36894607543945,141.25599670410156,111.59309387207031,146.46942138671875,366.82421875,353.9400939941406,183.6299285888672,56.739036560058594,233.24600219726562,472.6385803222656,493.6335754394531,410.12322998046875,61.8390007019043,88.40512084960938,159.36322021484375,280.2563171386719,54.88719177246094,104.31660461425781
2024-03-19,174.3313446044922,175.89999389648438,34.388031005859375,142.3557891845703,112.2400131225586,145.8247528076172,370.91839599609375,361.07769775390625,184.70692443847656,56.83339309692383,237.5951690673828,477.6817932128906,492.89849853515625,414.1427001953125,62.07400131225586,89.34758758544922,159.86572265625,282.5176086425781,54.165122985839844,105.0504150390625
2024-03-20,176.89564514160156,178.14999389648438,35.07522201538086,140.4743194580078,114.15135192871094,147.52073669433594,378.371826171875,365.8360900878906,187.12789916992188,57.32406997680664,241.36962890625,481.6690673828125,502.1159973144531,417.89678955078125,62.76900100708008,90.32102966308594,159.9215545654297,284.41510009765625,54.44064712524414,104.95755004882812
2024-03-21,169.66812133789062,178.14999389648438,35.80059051513672,140.75607299804688,114.38660430908203,146.3900909423828,394.82489013671875,376.1047668457031,189.7299346923828,57.05986404418945,250.02960205078125,482.2612609863281,504.3409423828125,421.96539306640625,62.270999908447266,91.38343048095703,160.4705810546875,285.48681640625,54.96320343017578,105.42198944091797
2024-03-22,170.56910705566406,178.8699951171875,35.361549377441406,140.57427978515625,113.57305908203125,149.5341339111328,388.24945068359375,371.4224853515625,187.404296875,57.078731536865234,247.6346893310547,475.38226318359375,506.148681640625,421.34625244140625,62.80099868774414,94.23580932617188,160.0704345703125,278.4963684082031,54.27912902832031,105.42198944091797
2024-03-25,169.15330505371094,179.7100067138672,35.180206298828125,142.21945190429688,116.99386596679688,148.83984375,386.4552307128906,364.9796142578125,185.6886749267578,56.993804931640625,243.3238525390625,469.82574462890625,499.6328125,415.56768798828125,62.74599838256836,94.94841003417969,160.61016845703125,276.48089599609375,53.89908981323242,106.49952697753906
2024-03-26,168.02462768554688,178.3000030517578,35.39973068237305,141.1287384033203,117.55258178710938,149.43490600585938,387.6385498046875,361.57257080078125,186.55599975585938,57.125911712646484,240.85231018066406,470.57586669921875,492.5508728027344,414.3785400390625,62.92399978637695,92.50879669189453,160.7311248779297,275.8811340332031,53.85158920288086,105.7006607055664
2024-03-27,171.5888671875,179.8300018310547,36.08692169189453,142.1103515625,118.5817642211914,149.63328552246094,396.2945861816406,367.24462890625,190.1684112548828,57.58827590942383,242.68197631835938,471.7108154296875,490.53448486328125,414.1623840332031,61.35300064086914,90.1990966796875,161.51278686523438,274.32769775390625,54.73517990112305,106.79678344726562
2024-03-28,169.77703857421875,180.3800048828125,36.191898345947266,143.37380981445312,119.93439483642578,149.69277954101562,398.62322998046875,365.06524658203125,190.91183471679688,57.729820251464844,244.0231475830078,475.2835693359375,482.310302734375,413.464599609375,60.733001708984375,90.30503845214844,162.8527374267578,274.38665771484375,55.067710876464844,107.97649383544922
2024-04-01,168.3414306640625,180.97000122070312,35.81013107299805,144.59173583984375,119.120849609375,154.21543884277344,394.63397216796875,350.2475280761719,189.6155548095703,57.25801086425781,238.80223083496094,472.1549377441406,488.04144287109375,417.2481994628906,61.430999755859375,90.3120346069336,160.96376037597656,273.6001892089844,54.73517990112305,108.67317962646484
2024-04-02,167.16326904296875,180.69000244140625,35.600154876708984,145.22799682617188,120.38528442382812,153.29302978515625,391.4273986816406,345.46063232421875,189.53932189941406,56.75790786743164,234.1752471923828,473.17144775390625,494.0208740234375,414.1721496582031,61.42100143432617,89.40155029296875,159.53076171875,273.7574462890625,54.48815155029297,110.80038452148438
2024-04-03,167.96522521972656,182.41000366210938,35.7337760925293,145.827880859375,116.62140655517578,153.6500701904297,395.1016540527344,342.5104064941406,189.00555419921875,56.45595169067383,230.58285522460938,471.18780517578125,503.3277893066406,413.1992492675781,63.007999420166016,88.913818359375,157.8929901123047,272.3023376464844,54.27912902832031,110.81896209716797
2024-04-04,167.14346313476562,180.0,35.23746871948242,146.0550994873047,114.76886749267578,149.29608154296875,387.7054138183594,340.39764404296875,187.56753540039062,55.95583724975586,228.0059356689453,463.6376037597656,507.47967529296875,410.673583984375,61.7140007019043,85.85652923583984,157.86508178710938,269.39215087890625,53.85158920288086,111.2091064453125
2024-04-05,167.89590454101562,185.07000732421875,35.4188117980957,146.88221740722656,116.03329467773438,151.24990844726562,389.4423828125,340.57843017578125,189.29315185546875,56.15399169921875,229.26087951660156,470.9212951660156,523.7890014648438,418.1817932128906,63.61800003051758,87.95836639404297,157.39048767089844,272.4793395996094,54.5356559753418,112.74181365966797
2024-04-08,166.77713012695312,185.19000244140625,35.791046142578125,146.58229064941406,115.02371215820312,153.58065795898438,391.7995910644531,344.55645751953125,190.2805938720703,55.92753219604492,232.39341735839844,473.253662109375,515.7535400390625,417.2678527832031,62.840999603271484,87.08385467529297,157.79994201660156,273.08892822265625,54.906192779541016,111.9801025390625
2024-04-09,167.98501586914062,185.6699981689453,36.01055908203125,147.2458038330078,115.63142395019531,155.3163299560547,391.9618225097656,343.9569091796875,189.0055389404297,56.35215377807617,234.11776733398438,466.6418762207031,513.41943359375,418.9286804199219,61.81999969482422,85.30584716796875,158.7584228515625,272.0663757324219,54.7066764831543,112.56531524658203
2024-04-10,166.11376953125,185.9499969482422,34.97978210449219,147.85476684570312,114.86688995361328,154.86009216308594,382.46600341796875,333.62164306640625,187.3949737548828,55.597267150878906,227.19168090820312,463.68682861328125,516.3297119140625,415.9608154296875,61.858001708984375,86.98991394042969,157.21371459960938,269.8640441894531,54.09861373901367,113.51278686523438
2024-04-11,173.30166625976562,189.0500030517578,34.693450927734375,147.14581298828125,114.82767486572266,158.10328674316406,379.335693359375,330.5857849121094,187.35659790039062,55.719940185546875,225.54396057128906,462.8368225097656,519.63720703125,420.5502624511719,62.87799835205078,90.56488800048828,156.66470336914062,271.0438537597656,53.861087799072266,113.13195037841797
2024-04-12,174.79669189453125,186.1300048828125,34.15896987915039,144.482666015625,111.74992370605469,156.4370574951172,371.7104797363281,326.30322265625,175.23878479003906,54.99335479736328,222.29644775390625,459.9410705566406,508.45306396484375,414.6242370605469,62.28300094604492,88.13627624511719,156.42276000976562,271.31915283203125,53.652069091796875,111.81290435791016
2024-04-15,170.97503662109375,183.6199951171875,34.31167984008789,143.23744201660156,110.7109375,153.59059143066406,382.58056640625,321.6018981933594,175.33465576171875,54.861263275146484,220.34219360351562,454.4164123535156,496.8616638183594,406.5067443847656,60.71500015258789,85.9524917602539,155.35263061523438,266.71783447265625,54.12711715698242,111.17194366455078
2024-04-16,167.69790649414062,183.32000732421875,33.09955978393555,142.04673767089844,111.62250518798828,153.1343231201172,378.7440490722656,318.6517028808594,173.33099365234375,54.78577423095703,218.751953125,454.446044921875,496.394775390625,407.4304504394531,61.75199890136719,87.36569213867188,155.86444091796875,266.7866516113281,53.59505844116211,110.2523193359375
2024-04-17,166.33160400390625,181.27999877929688,33.62449264526367,142.1558074951172,110.70114135742188,154.19558715820312,385.4722595214844,316.748291015625,172.64073181152344,55.210384368896484,219.24050903320312,454.7821044921875,490.84246826171875,404.73773193359375,61.36899948120117,83.98759460449219,157.70687866210938,268.1040954589844,54.326637268066406,110.19658660888672
2024-04-18,165.381103515625,179.22000122070312,34.13988494873047,143.21926879882812,110.20124816894531,154.7311553955078,384.708740234375,316.8054504394531,173.76243591308594,55.58782958984375,219.17344665527344,449.3858642578125,498.4210510253906,397.29827880859375,61.055999755859375,84.62325286865234,160.30308532714844,266.80633544921875,55.80879211425781,110.09440612792969
2024-04-19,163.3613739013672,174.6300048828125,35.28520202636719,145.4279327392578,110.37767791748047,152.82688903808594,385.5581359863281,319.1560974121094,178.1244354248047,56.77677917480469,220.56253051757812,450.06787109375,477.8306579589844,392.237060546875,55.50400161743164,76.15702056884766,162.03387451171875,265.2430725097656,57.33844757080078,111.35772705078125
2024-04-22,164.19305419921875,177.22999572753906,36.01055908203125,147.17308044433594,109.76997375488281,154.99893188476562,398.2987365722656,319.86981201171875,181.58531188964844,57.13534927368164,221.51092529296875,451.41192626953125,478.4862060546875,394.0453796386719,55.459999084472656,79.47314453125,164.20204162597656,267.7501525878906,58.051025390625,111.9893798828125
2024-04-23,165.2425079345703,179.5399932861328,36.62138748168945,148.01840209960938,111.45586395263672,156.9627227783203,404.6451416015625,322.62017822265625,184.20252990722656,57.220272064208984,224.8124542236328,457.4110107421875,492.7594299316406,400.5413818359375,57.775001525878906,82.37651062011719,159.3260040283203,269.500244140625,57.89900207519531,112.42597198486328
2024-04-24,167.34149169921875,176.58999633789062,36.573673248291016,148.67282104492188,111.66171264648438,157.8256072998047,403.72900390625,316.9196472167969,185.1036834716797,58.07895278930664,221.66493225097656,457.0947570800781,490.17694091796875,402.00567626953125,55.512001037597656,79.63206481933594,165.08602905273438,270.3949890136719,57.57597732543945,112.44454956054688
2024-04-25,168.2028045654297,173.6699981689453,36.18235778808594,150.22708129882812,110.53450012207031,154.7212371826172,400.8754577636719,315.93939208984375,185.3817138671875,58.25823974609375,221.34727478027344,456.7093505859375,438.4078674316406,392.158447265625,56.47999954223633,82.58539581298828,164.40675354003906,270.5326843261719,56.93941116333008,112.70465087890625
2024-04-26,167.61868286132812,179.6199951171875,36.10600280761719,150.781494140625,110.49530792236328,170.54049682617188,408.0522155761719,318.89910888671875,185.4967803955078,58.25823974609375,221.26065063476562,457.0157165527344,440.3050537109375,399.3128967285156,56.12300109863281,87.6855239868164,163.38314819335938,269.90338134765625,56.92040252685547,109.57421112060547
2024-04-29,171.77699279785156,180.9600067138672,35.838768005371094,151.1814727783203,109.85818481445312,164.7880096435547,411.144287109375,320.5264892578125,185.29542541503906,58.54132080078125,222.2905731201172,451.75787353515625,429.7069091796875,395.3131408691406,55.94900131225586,87.70751190185547,163.90423583984375,267.2684326171875,56.81589889526367,111.1347885131836
2024-04-30,168.63848876953125,175.0,35.3233757019043,146.58229064941406,108.89761352539062,161.44566345214844,407.2314758300781,318.0711975097656,183.81906127929688,58.28654479980469,219.4510498046875,445.9267883300781,427.2734375,382.6158752441406,55.06399917602539,86.353271484375,163.6902313232422,264.0927429199219,56.3598518371582,109.8621826171875
2024-05-01,167.61868286132812,179.0,35.26611328125,145.09164428710938,108.28990936279297,162.5167999267578,407.46051025390625,315.92987060546875,183.93406677246094,58.43751907348633,218.99864196777344,436.9035339355469,436.23272705078125,388.129150390625,55.17100143432617,82.99415588378906,162.98297119140625,262.824462890625,56.549869537353516,107.78141784667969
2024-05-02,171.31166076660156,184.72000122070312,35.19929885864258,146.09144592285156,110.38748168945312,165.25416564941406,412.823974609375,319.31787109375,183.74237060546875,58.494140625,220.98150634765625,435.94482421875,438.7059020996094,390.9791259765625,56.51499938964844,85.76860046386719,163.26217651367188,263.1095886230469,56.84440231323242,107.97649383544922
2024-05-03,181.55885314941406,186.2100067138672,35.552433013916016,145.65516662597656,111.40686798095703,165.8690948486328,418.1778564453125,326.2842102050781,182.63986206054688,58.66398239135742,223.4359893798828,438.3958435058594,448.91668701171875,399.6470642089844,57.933998107910156,88.7389144897461,163.91354370117188,263.9747619628906,56.94890594482422,107.75355529785156
2024-05-06,179.90545654296875,188.6999969482422,35.97238540649414,147.51846313476562,114.1611557006836,166.7220458984375,423.417236328125,325.7512512207031,184.0682830810547,58.83383560180664,223.0220947265625,444.1181640625,462.54425048828125,406.40838623046875,59.696998596191406,92.08802795410156,163.6064910888672,268.0845642089844,57.186431884765625,108.45024108886719
2024-05-07,180.58860778808594,188.75999450683594,36.115543365478516,147.85476684570312,103.3008041381836,169.8462371826172,423.5412902832031,324.22857666015625,183.82864379882812,59.0886116027832,222.79110717773438,447.7650451660156,465.0870666503906,402.2808837890625,60.599998474121094,90.50291442871094,165.65365600585938,271.81072998046875,57.2529411315918,107.91146087646484
2024-05-08,180.9252166748047,188.0,35.9914665222168,147.7366180419922,103.34981536865234,167.99156188964844,426.5475158691406,322.45843505859375,187.56753540039062,59.305633544921875,223.37826538085938,449.455078125,469.4176940917969,403.46014404296875,60.946998596191406,90.36100769042969,165.08602905273438,272.5284729003906,58.174537658691406,107.89289855957031
2024-05-09,182.73704528808594,189.5,36.53549575805664,150.38157653808594,103.70268249511719,168.56680297851562,434.76446533203125,330.65240478515625,189.34112548828125,59.333953857421875,227.28619384765625,450.1666259765625,472.2187194824219,405.2094421386719,61.20899963378906,88.69694519042969,165.6908721923828,273.8558349609375,58.55675506591797,110.02010345458984
2024-05-10,181.47796630859375,187.47999572753906,36.697750091552734,150.71791076660156,103.69287872314453,167.2675323486328,433.972412109375,329.69122314453125,190.5586395263672,59.69251251220703,226.22738647460938,451.6392822265625,472.9934387207031,407.5877380371094,61.08700180053711,89.82730865478516,167.30068969726562,276.01873779296875,59.1396484375,109.57421112060547
2024-05-13,184.6802215576172,186.57000732421875,36.46868133544922,149.5453643798828,103.73209381103516,167.75350952148438,432.8558044433594,324.48553466796875,190.5203094482422,59.994476318359375,224.25416564941406,452.41015625,464.85858154296875,406.5852966308594,61.659000396728516,90.34800720214844,168.33358764648438,274.6914978027344,58.53764343261719,109.52777099609375
2024-05-14,185.82034301757812,187.07000732421875,36.73592758178711,148.7091522216797,103.2615966796875,168.94369506835938,437.5416564941406,324.0477600097656,193.1854705810547,59.541542053222656,222.90660095214844,448.8917236328125,468.6727600097656,409.3763427734375,61.36600112915039,91.30448150634766,167.37515258789062,273.0692443847656,59.1396484375,110.1926498413086
2024-05-15,188.0906982421875,185.99000549316406,37.13678741455078,148.20016479492188,100.73274230957031,171.0959014892578,444.8138122558594,331.822998046875,193.76068115234375,59.56985092163086,227.23806762695312,452.6473388671875,478.2974853515625,416.5338439941406,61.35200119018555,94.57662200927734,166.99362182617188,276.7660217285156,59.56965255737305,111.04483795166016
2024-05-16,188.20962524414062,183.6300048828125,37.43266296386719,147.89720153808594,101.32084655761719,172.75216674804688,443.3154602050781,326.1700439453125,194.10577392578125,59.74913787841797,223.56112670898438,453.5071716308594,470.0434875488281,414.4761657714844,61.051998138427734,94.3057861328125,170.39004516601562,275.6430969238281,58.34653854370117,110.37994384765625
2024-05-17,188.2393798828125,184.6999969482422,37.49946975708008,149.34780883789062,101.20321655273438,174.6167755126953,446.3694152832031,327.5784606933594,196.32994079589844,59.475486755371094,222.45420837402344,454.8907775878906,468.73236083984375,413.708251953125,62.11000061035156,92.42682647705078,169.5339813232422,275.89923095703125,58.36564254760742,112.0374755859375
2024-05-20,189.3993377685547,183.5399932861328,37.050880432128906,147.94308471679688,100.86016845703125,175.46975708007812,441.8076171875,321.49725341796875,187.50042724609375,59.04143142700195,220.58685302734375,454.2879638671875,465.6829528808594,418.7589416503906,64.08200073242188,94.72654724121094,167.78456115722656,274.36260986328125,58.00253677368164,111.12911224365234
2024-05-21,190.6981201171875,183.14999389648438,37.84306716918945,146.86892700195312,100.9679946899414,176.39212036132812,448.9366455078125,319.90789794921875,191.2776641845703,59.36225128173828,216.4383087158203,453.7344970703125,461.5013427734375,422.40167236328125,65.06099700927734,95.33219909667969,168.50106811523438,271.81146240234375,58.728759765625,110.36122131347656
2024-05-22,189.2605438232422,183.1300048828125,37.94804763793945,144.66546630859375,100.977783203125,174.93418884277344,441.273193359375,314.6165771484375,190.11764526367188,59.447181701660156,212.8479766845703,451.1846008300781,464.6301574707031,423.8587341308594,64.0469970703125,94.89644622802734,169.44091796875,271.44696044921875,58.22231674194336,108.1418228149414
2024-05-23,185.27503967285156,181.0500030517578,37.38493728637695,144.0870819091797,98.66458129882812,172.12738037109375,437.23626708984375,311.0953369140625,188.78506469726562,58.588497161865234,209.3346710205078,445.93670654296875,462.64361572265625,420.3932189941406,63.56700134277344,103.74046325683594,166.81683349609375,270.1172790527344,57.02786636352539,106.29700469970703
2024-05-24,188.3484344482422,180.75,37.890785217285156,144.8307342529297,99.74276733398438,173.55557250976562,440.1279602050781,309.3918151855469,192.4185028076172,58.50357437133789,207.1497344970703,445.906982421875,474.9998474121094,423.50433349609375,64.67500305175781,106.4089584350586,165.62574768066406,270.37335205078125,57.5343132019043,106.21271514892578
2024-05-28,188.35833740234375,182.14999389648438,37.528099060058594,146.0150909423828,100.40928649902344,174.95401000976562,438.82049560546875,312.81787109375,191.2584991455078,58.33372497558594,207.30369567871094,439.8783264160156,476.68841552734375,423.661865234375,64.9000015258789,113.8367691040039,161.33596801757812,266.916015625,56.83675003051758,107.56121826171875
2024-05-29,188.65577697753906,182.02000427246094,36.95545196533203,144.0503387451172,98.88020324707031,174.45809936523438,436.3009948730469,310.1627197265625,189.92591857910156,58.220489501953125,206.24490356445312,437.2987976074219,471.1658630371094,422.5296630859375,65.46199798583984,114.7602310180664,159.26087951660156,264.8277282714844,56.13919448852539,106.40937042236328
2024-05-30,189.64718627929688,179.32000732421875,36.869544982910156,145.2989501953125,99.68395233154297,170.6991729736328,432.2780456542969,315.4524841308594,191.0955047607422,58.47526931762695,207.3903350830078,436.9331359863281,463.905029296875,408.2539978027344,64.76599884033203,110.43768310546875,158.63742065429688,267.2311706542969,56.57875061035156,106.74649810791016
2024-05-31,190.59893798828125,176.44000244140625,38.167572021484375,149.00808715820312,101.85015106201172,171.08596801757812,438.3172302246094,320.90521240234375,194.25917053222656,59.381126403808594,213.00201416015625,441.8450927734375,463.6865539550781,408.70684814453125,64.16200256347656,109.57115936279297,160.8893280029297,268.3738098144531,57.25719451904297,109.80870819091797
2024-06-03,192.36366271972656,178.33999633789062,38.06258010864258,144.56448364257812,100.73274230957031,171.75047302246094,436.8386535644531,314.3313293457031,193.48265075683594,59.381126403808594,208.61277770996094,438.01043701171875,474.27471923828125,407.1217346191406,63.37900161743164,114.93515014648438,159.33531188964844,266.32501220703125,56.70297622680664,107.17727661132812
2024-06-04,192.680908203125,179.33999633789062,37.87169647216797,143.34339904785156,101.2816390991211,172.3654022216797,437.14593505859375,314.5708923339844,190.93251037597656,60.334163665771484,208.42027282714844,439.5719299316406,473.77813720703125,409.63232421875,63.1619987487793,116.37132263183594,161.81056213378906,268.33441162109375,56.0914192199707,105.51038360595703
2024-06-05,194.18785095214844,181.27999877929688,38.13893508911133,142.28758239746094,99.48792266845703,173.97213745117188,443.271484375,316.4874572753906,189.1110076904297,60.31529998779297,211.2501678466797,441.43988037109375,491.7264404296875,417.449462890625,65.0270004272461,122.37095642089844,161.43833923339844,270.3831481933594,56.072303771972656,105.93179321289062
2024-06-06,192.8097686767578,185.0,37.890785217285156,143.15977478027344,99.20366668701172,175.28128051757812,439.83428955078125,317.2924499511719,188.7754669189453,60.532325744628906,210.26837158203125,443.4362487792969,490.43524169921875,417.9515686035156,64.85199737548828,120.92975616455078,161.16847229003906,272.8851013183594,55.164520263671875,106.727783203125
2024-06-07,195.1990966796875,184.3000030517578,38.19805908203125,143.29750061035156,99.52713012695312,173.02992248535156,436.77142333984375,313.3921813964844,191.6898956298828,60.30585861206055,208.55503845214844,444.5333251953125,489.64056396484375,417.2919921875,64.14700317382812,120.81982421875,160.41348266601562,274.49066162109375,55.766517639160156,105.58529663085938
2024-06-10,191.4614715576172,187.05999755859375,38.092430114746094,143.9034423828125,100.70333862304688,173.77459716796875,435.4656982421875,318.6915588378906,191.3639373779297,60.00390625,209.9314727783203,443.99957275390625,499.2156982421875,421.2497253417969,64.44999694824219,121.72129821777344,155.5928192138672,270.9151306152344,55.35563659667969,105.89433288574219
2024-06-11,205.3709716796875,187.22999572753906,37.31464385986328,143.67391967773438,98.87040710449219,175.37326049804688,426.55572509765625,321.7197570800781,186.330810546875,59.966163635253906,210.17210388183594,443.7920227050781,504.05291748046875,425.9853515625,64.8550033569336,120.85173797607422,154.8144073486328,270.5506591796875,54.591182708740234,105.04216003417969
2024-06-12,211.2401580810547,186.88999938964844,37.842769622802734,141.58982849121094,98.80179595947266,176.53500366210938,430.8091125488281,329.7886657714844,183.61773681640625,59.333953857421875,216.59228515625,437.8226623535156,505.41363525390625,434.2356872558594,65.00599670410156,125.1396713256836,153.6514434814453,266.2658386230469,54.753623962402344,103.8809585571289
2024-06-13,212.4001007080078,183.8300018310547,37.69873809814453,140.32284545898438,98.10586547851562,173.9235382080078,428.5528259277344,333.3726806640625,185.65975952148438,59.437744140625,218.36337280273438,439.7992858886719,500.70556640625,434.74755859375,65.32599639892578,129.5475311279297,153.1824951171875,267.1228332519531,54.72496032714844,103.04751586914062
2024-06-14,210.66513061523438,183.66000366210938,37.679534912109375,140.07498168945312,97.98824310302734,175.54205322265625,428.65838623046875,332.37603759765625,185.7747802734375,59.48052978515625,214.98484802246094,439.43359375,501.26239013671875,435.7222595214844,66.93800354003906,131.8164520263672,153.6326904296875,266.60076904296875,54.84918212890625,102.17660522460938
2024-06-17,214.80921936035156,184.05999755859375,37.93879318237305,140.6441650390625,99.50751495361328,175.98886108398438,432.2300720214844,334.9251403808594,186.92518615722656,59.54710006713867,218.27676391601562,442.8729248046875,503.71820068359375,441.4325256347656,67.58300018310547,130.91688537597656,155.81793212890625,267.1031494140625,55.65186309814453,101.4742660522461
2024-06-18,212.4496612548828,182.80999755859375,38.39971160888672,140.77272033691406,99.48792266845703,173.8540496826172,439.1909484863281,339.1128845214844,188.86178588867188,59.556610107421875,219.23931884765625,444.8495178222656,496.61920166015625,439.4339294433594,68.56700134277344,135.5146484375,156.13681030273438,269.516357421875,56.42586135864258,102.42943572998047
2024-06-20,207.8792724609375,186.10000610351562,38.39971160888672,143.81161499023438,99.8211669921875,175.0554962158203,439.7862854003906,338.7008361816406,190.46275329589844,59.12868881225586,219.00827026367188,447.22149658203125,498.8164978027344,438.8038635253906,67.90299987792969,130.71697998046875,156.32435607910156,272.6684265136719,56.3398551940918,104.63948059082031
2024-06-21,205.70806884765625,189.0800018310547,37.91959762573242,142.56300354003906,100.2426528930664,178.3619842529297,432.2300720214844,340.96240234375,188.19068908691406,59.68974304199219,220.02859497070312,449.5342102050781,491.9362487792969,442.8207092285156,68.61199951171875,126.50899505615234,156.88711547851562,271.0923767089844,55.51807403564453,103.72176361083984
2024-06-24,206.35247802734375,185.57000732421875,38.42851638793945,146.2629852294922,99.95840454101562,177.9548797607422,443.6651916503906,336.24755859375,190.6641082763672,60.83085632324219,219.83609008789062,451.6195068359375,496.0425720214844,440.743408203125,66.9020004272461,118.05307006835938,157.63739013671875,272.15618896484375,56.38763427734375,106.80268096923828
2024-06-25,207.2744903564453,186.33999633789062,37.813968658447266,145.48257446289062,100.17403411865234,182.73092651367188,439.1429748535156,324.2113952636719,189.88754272460938,60.70723342895508,209.11329650878906,450.3247985839844,507.6653747558594,443.97259521484375,67.24099731445312,126.02923583984375,156.9527587890625,269.427734375,54.65806579589844,107.10235595703125
2024-06-26,211.41860961914062,193.61000061035156,37.44907760620117,143.1781463623047,100.15443420410156,182.58200073242188,437.6835632324219,327.5653991699219,189.27398681640625,60.90692901611328,210.5860137939453,447.0929870605469,510.17083740234375,445.1639404296875,67.76899719238281,126.3390884399414,156.3806610107422,269.4967041015625,54.47651672363281,107.13982391357422
2024-06-27,212.26132202148438,197.85000610351562,37.68913650512695,143.51785278320312,100.14463806152344,184.1011962890625,428.17828369140625,327.2491455078125,190.94212341308594,60.773799896240234,211.56781005859375,437.5755310058594,516.5737915039062,445.84326171875,68.43399810791016,123.93023681640625,155.93045043945312,262.591796875,54.868289947509766,107.59867858886719
2024-06-28,208.8111572265625,193.25,38.18845748901367,143.6096649169922,97.32173156738281,180.8642120361328,434.28466796875,329.8844909667969,193.90444946289062,60.526554107666016,212.2030792236328,436.0041198730469,501.3219909667969,440.0345458984375,67.48799896240234,123.48046875,154.68309020996094,258.5335998535156,56.75074768066406,107.80469512939453
2024-07-01,214.88853454589844,197.1999969482422,38.418907165527344,143.70147705078125,96.09650421142578,181.69825744628906,445.172607421875,322.170166015625,196.96267700195312,60.17471694946289,205.5614776611328,432.4956359863281,501.7793884277344,449.6631774902344,67.36100006103516,124.2401123046875,152.7698516845703,259.2920837402344,57.897422790527344,107.65485382080078
2024-07-02,218.3782958984375,200.0,39.302330017089844,143.91262817382812,96.04750061035156,183.93240356445312,447.0447998046875,321.00103759765625,200.2030487060547,60.051090240478516,205.69625854492188,439.4533386230469,506.5716857910156,452.1737060546875,67.95800018310547,122.61087799072266,153.41697692871094,264.2072448730469,58.26054000854492,106.92442321777344
2024-07-03,219.64732360839844,197.58999633789062,39.273521423339844,143.87591552734375,96.65520477294922,184.50828552246094,449.2627258300781,319.7265625,200.06884765625,60.222259521484375,205.3112335205078,442.94207763671875,507.0290222167969,453.6406555175781,68.2509994506836,128.21817016601562,152.4978790283203,264.9558410644531,57.96430969238281,107.46757507324219
2024-07-05,224.3961639404297,200.0,38.80300521850586,141.67242431640625,96.04750061035156,189.2545928955078,446.2190856933594,320.6273193359375,197.41783142089844,60.63115692138672,205.87916564941406,444.2367858886719,536.806884765625,460.3256530761719,69.06500244140625,125.76936340332031,154.17665100097656,266.3052673339844,56.97053146362305,106.16590118408203
2024-07-08,225.8634796142578,199.2899932861328,39.0046501159668,141.69081115722656,95.8801040649414,187.6956329345703,446.2863464355469,325.43798828125,197.7841339111328,59.87041473388672,209.01702880859375,441.02471923828125,526.27783203125,459.02606201171875,68.5739974975586,128.13819885253906,152.0476837158203,262.4046325683594,56.38763427734375,105.05152130126953
2024-07-09,226.716064453125,199.33999633789062,39.77283477783203,140.4513702392578,95.56500244140625,187.64602661132812,453.9769287109375,323.0326843261719,200.1555938720703,59.6136589050293,208.227783203125,440.1537780761719,526.9539184570312,452.4297180175781,68.5739974975586,131.3166961669922,151.8413543701172,261.4590759277344,57.2189826965332,103.89031219482422
2024-07-10,230.97915649414062,199.7899932861328,40.080116271972656,142.42530822753906,95.48622131347656,189.83045959472656,459.7952880859375,329.8269958496094,200.31947326660156,59.746795654296875,212.47259521484375,429.2068786621094,531.6168212890625,459.0359191894531,67.76499938964844,134.84500122070312,153.42637634277344,259.0556335449219,57.06608581542969,104.80803680419922
2024-07-11,225.61561584472656,195.0500030517578,40.1473274230957,142.54466247558594,95.12187957763672,184.26007080078125,460.1217346191406,339.0362243652344,199.9820556640625,60.00354766845703,221.14515686035156,431.9584045410156,509.7533264160156,447.6646423339844,65.2750015258789,127.33860778808594,153.76397705078125,258.6123962402344,57.486534118652344,106.05352783203125
2024-07-12,228.5601043701172,194.49000549316406,39.93608093261719,142.84764099121094,95.64376831054688,183.7635955810547,460.745849609375,344.766845703125,197.56243896484375,60.57410430908203,225.31295776367188,435.61065673828125,496.0027770996094,446.5323486328125,64.76000213623047,129.17774963378906,156.04302978515625,261.7546081542969,54.02740478515625,106.0722427368164
2024-07-15,232.38694763183594,192.72000122070312,40.22414779663086,145.09698486328125,95.38774871826172,185.2133026123047,472.6034240722656,343.5115051269531,202.4884796142578,60.29832458496094,223.47451782226562,439.4609375,493.308349609375,446.9360656738281,65.6449966430664,128.37811279296875,153.67958068847656,264.4239807128906,55.164520263671875,107.88898468017578
2024-07-16,232.80335998535156,193.02000427246094,42.37507247924805,144.84909057617188,96.96327209472656,182.62171936035156,482.963134765625,353.7269287109375,205.92996215820312,61.11613082885742,231.94491577148438,438.9957275390625,486.9750061035156,442.56475830078125,65.63200378417969,126.29911041259766,154.52366638183594,265.2119445800781,57.5629768371582,108.66622924804688
2024-07-17,226.91436767578125,187.92999267578125,42.231040954589844,148.0257110595703,95.82101440429688,179.74220275878906,482.15667724609375,356.3814392089844,209.06295776367188,62.010009765625,233.93736267089844,446.5477294921875,459.3346862792969,436.6575927734375,64.74600219726562,117.93313598632812,159.33494567871094,268.61016845703125,58.20320510864258,110.16456604003906
2024-07-18,222.2547149658203,183.75,41.29961013793945,148.7051239013672,95.3089828491211,176.43568420410156,466.8234558105469,350.8136901855469,202.42100524902344,61.99098205566406,230.4048309326172,444.1326599121094,473.1150817871094,433.55633544921875,64.30400085449219,121.0316390991211,159.7851104736328,265.1134033203125,56.607421875,111.2508544921875
2024-07-19,222.3835906982422,183.1300048828125,41.19398880004883,146.11605834960938,94.27503967285156,176.40589904785156,465.5944519042969,348.2071228027344,202.2281951904297,62.08607864379883,229.58668518066406,439.1541442871094,474.0496826171875,430.3467712402344,63.33399963378906,117.8731689453125,158.83787536621094,261.4787902832031,56.597862243652344,108.69432067871094
2024-07-22,222.03662109375,182.5500030517578,40.61784362792969,144.13296508789062,92.6896743774414,180.38758850097656,467.6203308105469,348.10174560546875,202.710205078125,61.591590881347656,231.27114868164062,443.3606262207031,484.59869384765625,436.0865783691406,64.75,123.48046875,157.24349975585938,263.69500732421875,56.51185989379883,107.94515991210938
2024-07-23,223.07760620117188,186.41000366210938,40.72347640991211,141.470458984375,89.54849243164062,180.50672912597656,472.526611328125,344.623046875,202.75839233398438,61.77226638793945,229.38455200195312,437.2042541503906,485.8812561035156,437.9670104980469,64.2760009765625,122.53091430664062,155.94921875,260.8188171386719,57.01830291748047,106.20335388183594
2024-07-24,216.6631622314453,180.8300018310547,40.5122184753418,142.3702392578125,88.42593383789062,171.41143798828125,467.2939147949219,335.70135498046875,201.08103942871094,62.580562591552734,224.07455444335938,428.0290222167969,458.6188659667969,422.2638244628906,63.5989990234375,114.19493865966797,157.72181701660156,250.35809326171875,56.79852294921875,107.70169067382812
2024-07-25,215.6221923828125,179.85000610351562,40.02250671386719,144.63792419433594,87.84496307373047,166.0991668701172,472.1041564941406,338.5570373535156,201.1581268310547,62.82780456542969,227.07290649414062,425.2081298828125,450.80401611328125,411.9262390136719,63.409000396728516,112.22589111328125,160.3947296142578,249.93453979492188,57.04697799682617,109.96791076660156
2024-07-26,216.08816528320312,182.5,40.01289367675781,144.91334533691406,88.55393981933594,165.82115173339844,479.13226318359375,344.5177001953125,204.59963989257812,63.75971221923828,231.03848266601562,433.7004089355469,463.0234680175781,418.68994140625,63.137001037597656,113.00550842285156,162.01724243164062,255.56875610351562,57.70631408691406,109.874267578125
2024-07-29,216.36573791503906,183.1999969482422,39.45596694946289,143.77490234375,90.7301254272461,168.3332977294922,473.0738220214844,346.5876159667969,203.25967407226562,63.550514221191406,231.93800354003906,436.7885437011719,463.0333557128906,420.1274108886719,62.69599914550781,111.53622436523438,162.4486846923828,257.6766662597656,56.94186019897461,108.722412109375
2024-07-30,216.92092895507812,181.7100067138672,39.638404846191406,146.50167846679688,92.35487365722656,169.0879364013672,485.50750732421875,348.5233459472656,207.44345092773438,64.35879516601562,233.4855194091797,442.87567138671875,460.52783203125,416.3763732910156,62.257999420166016,103.68000793457031,162.42054748535156,259.1541442871094,57.343196868896484,110.66088104248047
2024-07-31,220.17274475097656,186.97999572753906,38.70698547363281,147.3279571533203,92.25640869140625,170.3291015625,488.7335205078125,352.8069763183594,205.13949584960938,63.46491622924805,237.46078491210938,458.96942138671875,472.1009521484375,411.8770446777344,62.834999084472656,116.96359252929688,161.94224548339844,261.6855773925781,56.70297622680664,111.05419158935547
2024-08-01,216.48472595214844,184.07000732421875,37.92919158935547,140.120849609375,91.62620544433594,169.5546112060547,480.1788024902344,343.6264343261719,200.4737091064453,64.62505340576172,233.44683837890625,457.6827087402344,494.8792419433594,410.65618896484375,62.48500061035156,109.1573715209961,164.08995056152344,261.94171142578125,54.352294921875,109.51840209960938
2024-08-02,217.9718475341797,167.89999389648438,36.085548400878906,136.38417053222656,88.19944763183594,165.48355102539062,451.874267578125,340.60784912109375,191.97122192382812,65.9278335571289,232.53765869140625,457.2967529296875,485.3344421386719,402.1695861816406,61.36399841308594,107.21829986572266,166.97860717773438,262.5819396972656,50.89316177368164,109.4528579711914
2024-08-05,207.47279357910156,161.02000427246094,35.19253158569336,132.81277465820312,86.43683624267578,158.12588500976562,440.717529296875,335.41387939453125,187.8838348388672,64.75817108154297,229.24913024902344,437.48138427734375,472.9957580566406,389.0360107421875,59.85499954223633,100.4015884399414,163.2270965576172,252.59405517578125,49.8038215637207,107.47693634033203
2024-08-06,205.45030212402344,161.92999267578125,35.451786041259766,131.4998779296875,88.59333038330078,157.17263793945312,451.47100830078125,339.1512145996094,193.12802124023438,64.71064758300781,232.76011657714844,443.7170104980469,491.2502136230469,393.4269714355469,60.957000732421875,104.19976043701172,161.77340698242188,254.38674926757812,50.03316116333008,106.90570831298828
2024-08-07,208.01805114746094,162.77000427246094,35.816680908203125,130.74703979492188,84.64468383789062,157.81805419921875,454.1497802734375,328.1212158203125,193.1858673095703,65.10050964355469,223.9971466064453,445.2412109375,486.1100158691406,392.2652587890625,61.14799880981445,98.86233520507812,161.1168975830078,252.67282104492188,49.966270446777344,108.3291244506836
2024-08-08,211.47808837890625,165.8000030517578,36.690486907958984,132.6566925048828,84.64468383789062,160.88624572753906,466.4009704589844,333.8135070800781,196.71408081054688,65.3572769165039,228.58175659179688,450.9225158691406,506.7008972167969,396.4593505859375,63.03499984741211,104.91942596435547,161.6608428955078,255.93319702148438,50.41538619995117,110.39866638183594
2024-08-09,214.3829345703125,166.94000244140625,36.75770950317383,133.11575317382812,84.89086151123047,162.5146484375,470.7119140625,334.10101318359375,198.39146423339844,65.30972290039062,228.09815979003906,452.1103210449219,514.794189453125,399.7378234863281,63.39400100708008,104.69951629638672,161.6796417236328,256.3773498535156,50.80052947998047,111.29767608642578
2024-08-12,215.9114532470703,166.8000030517578,36.65208435058594,133.1432647705078,84.63483428955078,161.14439392089844,466.1417236328125,331.3889465332031,198.76744079589844,64.82474517822266,223.4942169189453,451.03143310546875,512.9845581054688,400.515625,63.31399917602539,108.96746826171875,160.76988220214844,256.5056457519531,50.126522064208984,111.43814849853516
2024-08-13,219.62362670898438,170.22999572753906,36.93054962158203,132.3445281982422,84.29019165039062,163.00120544433594,472.324951171875,335.47137451171875,200.4544219970703,65.10050964355469,228.4463653564453,454.66387939453125,525.5022583007812,407.6042175292969,64.802001953125,116.08402252197266,161.6608428955078,256.7425537109375,50.906436920166016,110.37059020996094
2024-08-14,220.07028198242188,170.10000610351562,37.266639709472656,132.8219451904297,84.9794921875,159.23794555664062,478.8154296875,340.8282470703125,202.671630859375,65.21463012695312,229.84878540039062,455.45574951171875,523.7324829101562,410.41009521484375,66.16799926757812,118.02310180664062,162.91763305664062,257.7393798828125,51.6671028137207,111.39131164550781
2024-08-15,223.0479736328125,177.58999633789062,37.47788619995117,134.77752685546875,87.43138122558594,160.16139221191406,479.1227111816406,345.0543518066406,203.93446350097656,65.28120422363281,232.18948364257812,463.9183349609375,534.2417602539062,415.2626647949219,66.3219985961914,122.80079650878906,161.8015594482422,263.32562255859375,52.54330062866211,112.08043670654297
2024-08-16,224.3680877685547,177.05999755859375,37.77555465698242,135.2090301513672,87.93357849121094,161.80966186523438,484.1537780761719,346.9613037109375,206.26736450195312,65.78518676757812,233.24371337890625,464.0865783691406,524.3886108398438,412.7377624511719,67.40699768066406,124.51996612548828,161.89532470703125,263.8981018066406,53.275081634521484,111.55180358886719
2024-08-19,224.20925903320312,178.22000122070312,38.092430114746094,136.3137664794922,89.4303207397461,165.4934844970703,484.5570068359375,347.9292297363281,207.694091796875,65.59500885009766,235.23619079589844,462.2060241699219,526.238037109375,415.7558288574219,68.85299682617188,129.9373321533203,163.0207977294922,262.99993896484375,54.35348129272461,111.89163970947266
2024-08-20,224.82464599609375,178.8800048828125,37.15140914916992,134.32704162597656,88.36685180664062,165.9998779296875,477.5096740722656,351.95404052734375,206.7975616455078,65.9753646850586,232.4506378173828,464.32415771484375,523.70263671875,418.9810485839844,69.85399627685547,127.18868255615234,164.92466735839844,264.5495300292969,54.06462097167969,108.1628646850586
2024-08-21,224.71546936035156,180.11000061035156,37.209014892578125,134.9119415283203,89.33184814453125,164.6792755126953,476.66473388671875,355.0110778808594,206.8746795654297,66.15605163574219,234.42372131347656,463.215576171875,532.0841674804688,418.330078125,69.71199798583984,128.43804931640625,164.32440185546875,264.70745849609375,53.40025329589844,107.47373962402344
2024-08-22,222.85939025878906,176.1300048828125,37.679534912109375,135.29257202148438,88.54409790039062,162.64373779296875,477.9033508300781,350.12371826171875,208.83160400390625,65.9278335571289,232.43125915527344,464.0271911621094,528.8727416992188,409.8577880859375,68.89600372314453,123.68036651611328,164.8214874267578,264.4508056640625,53.88167953491211,108.3044662475586
2024-08-23,225.15219116210938,177.0399932861328,38.18845748901367,137.0471954345703,89.17430114746094,164.45089721679688,489.1079406738281,359.92706298828125,210.4511260986328,66.3652572631836,241.8712921142578,461.6715393066406,524.9653930664062,411.0807800292969,68.6729965209961,129.30763244628906,164.9434051513672,263.9573669433594,54.59419631958008,109.80540466308594
2024-08-26,225.48965454101562,175.5,38.332489013671875,137.86416625976562,90.3756332397461,164.98707580566406,487.6197509765625,358.5088195800781,211.28018188476562,67.36372375488281,242.2871856689453,463.84906005859375,518.1249389648438,407.8259582519531,68.84400177001953,126.39905548095703,165.03720092773438,264.7172546386719,54.61345291137695,112.15595245361328
2024-08-27,226.33334350585938,173.1199951171875,38.092430114746094,136.42520141601562,89.50910186767578,163.51751708984375,487.03411865234375,357.6175842285156,212.25379943847656,67.99134063720703,240.4204559326172,470.1340637207031,516.1163940429688,408.17120361328125,69.5719985961914,128.23817443847656,164.40882873535156,267.1946105957031,54.170536041259766,111.08924102783203
2024-08-28,224.80479431152344,170.8000030517578,38.36130142211914,135.54322814941406,88.12067413330078,161.70045471191406,483.26080322265625,357.1480712890625,213.32383728027344,68.22907257080078,240.77833557128906,466.9766845703125,513.8099365234375,404.9755859375,68.38400268554688,125.54946899414062,163.1145477294922,265.6845397949219,54.95045471191406,109.99420166015625
2024-08-29,228.08023071289062,172.1199951171875,38.572547912597656,136.86151123046875,88.43577575683594,160.6380157470703,489.7608947753906,353.8893127441406,214.21072387695312,68.51435089111328,238.67947387695312,475.8847351074219,515.2415771484375,407.4610900878906,69.24800109863281,117.53331756591797,161.39825439453125,270.74774169921875,55.22005081176758,111.5140380859375
2024-08-30,227.29612731933594,178.5,39.12948989868164,137.35354614257812,88.99705505371094,162.22671508789062,492.8031311035156,355.2776794433594,216.70748901367188,68.91374206542969,240.35276794433594,478.3987731933594,518.3137817382812,411.42596435546875,70.13500213623047,119.3124771118164,162.13917541503906,272.7710266113281,56.2984619140625,111.33468627929688
2024-09-03,221.1124725341797,176.25,39.08147048950195,134.29920959472656,87.76617431640625,156.2491912841797,470.7924499511719,351.6525573730469,212.36949157714844,69.42723846435547,237.4124298095703,477.1911926269531,508.8186950683594,403.8314514160156,67.53199768066406,107.94795227050781,166.50965881347656,274.9128112792969,56.202171325683594,109.00302124023438
2024-09-04,219.20677185058594,173.3300018310547,38.88943099975586,131.8947296142578,87.88434600830078,155.3456268310547,473.8636474609375,351.5851135253906,211.4344024658203,68.99932098388672,237.40277099609375,478.2008056640625,509.79302978515625,403.298828125,67.96800231933594,106.1588134765625,167.4287872314453,276.8373718261719,55.961456298828125,107.67198944091797
2024-09-05,220.72537231445312,177.88999938964844,38.54374313354492,130.83631896972656,87.29353332519531,156.1300506591797,471.19805908203125,348.86627197265625,209.79562377929688,67.67753601074219,236.106689453125,472.4798583984375,513.889404296875,402.7958679199219,68.36199951171875,107.15833282470703,168.1603240966797,274.99169921875,54.748252868652344,106.83183288574219
2024-09-06,219.17698669433594,171.38999938964844,37.461273193359375,128.63609313964844,86.59439086914062,149.8546600341797,463.21075439453125,347.130859375,204.8117218017578,67.64900970458984,235.81651306152344,471.2525634765625,497.39471435546875,396.197509765625,66.5770034790039,102.78044891357422,167.5885772705078,275.7319641113281,51.99447250366211,106.33150482177734
2024-09-09,219.2663116455078,175.39999389648438,38.14748001098633,130.25148010253906,86.98826599121094,147.85621643066406,471.864501953125,352.4045715332031,209.00511169433594,68.32416534423828,236.7063446044922,482.11041259765625,501.88873291015625,400.16241455078125,67.54199981689453,106.41869354248047,168.39183044433594,281.8907165527344,52.56256103515625,108.56877136230469
2024-09-10,218.47227478027344,179.5500030517578,37.963844299316406,128.32974243164062,87.04735565185547,147.80648803710938,451.15753173828125,357.56256103515625,198.1601104736328,68.03887939453125,239.26947021484375,483.0308837890625,501.88873291015625,408.5262451171875,67.36199951171875,108.04788970947266,168.03273010253906,281.62420654296875,51.94633102416992,104.61344909667969
2024-09-11,221.00328063964844,184.52000427246094,37.69322967529297,128.00479125976562,86.96858215332031,150.29212951660156,455.0594482421875,357.19622802734375,199.77000427246094,67.59195709228516,239.26947021484375,483.1892395019531,508.8882751464844,417.24517822265625,68.14700317382812,116.8536605834961,166.11434936523438,280.2621765136719,51.73450469970703,103.57505798339844
2024-09-12,221.1124725341797,187.0,37.48059844970703,129.23951721191406,87.93357849121094,153.8018798828125,457.8505859375,360.994873046875,199.1626739501953,67.7345962524414,243.78636169433594,487.0791015625,522.5791015625,421.1509094238281,68.68000030517578,119.0927734375,167.50352478027344,281.65380859375,49.65472412109375,105.00048065185547
2024-09-13,220.844482421875,186.49000549316406,37.35496520996094,130.53924560546875,89.1644515991211,156.55596923828125,462.6120300292969,366.3553466796875,196.9647674560547,68.37128448486328,247.0362091064453,488.3162841796875,521.604736328125,424.6917419433594,69.70600128173828,119.05278015136719,167.60748291015625,283.6080627441406,50.81978225708008,104.92495727539062
2024-09-16,214.71046447753906,184.88999938964844,37.78987503051758,131.91326904296875,90.44456481933594,157.1525115966797,468.571044921875,368.3028869628906,200.37730407714844,69.03193664550781,248.22589111328125,492.621826171875,530.7208251953125,425.43145751953125,69.6500015258789,116.73370361328125,167.46572875976562,286.697265625,51.79227828979492,106.39759826660156
2024-09-17,215.1769561767578,186.8800048828125,38.22480010986328,133.13873291015625,91.43910217285156,158.4052734375,468.793212890625,369.48876953125,201.71728515625,68.74469757080078,248.3032684326172,495.8683166503906,533.7462768554688,429.18927001953125,70.69100189208984,115.54417419433594,167.1444091796875,287.7632141113281,52.485530853271484,107.7852554321289
2024-09-18,219.04794311523438,186.42999267578125,38.292457580566406,133.64935302734375,92.14808654785156,158.89248657226562,468.0108947753906,370.2311096191406,200.05918884277344,68.69682312011719,248.21620178222656,489.70196533203125,535.368408203125,424.90875244140625,69.0469970703125,113.3250503540039,165.57568359375,284.72332763671875,52.244815826416016,108.1628646850586
2024-09-19,227.16709899902344,189.8699951171875,39.500572204589844,134.60557556152344,92.02008056640625,161.2091064453125,486.6026916503906,376.333984375,202.9029998779297,67.61490631103516,252.44293212890625,487.9698791503906,556.4168701171875,432.6808166503906,70.43199920654297,117.82327270507812,165.0559539794922,281.5255432128906,53.727622985839844,109.50333404541016
2024-09-20,226.50205993652344,191.60000610351562,38.92068099975586,135.24615478515625,92.31548309326172,162.65077209472656,481.3872985839844,375.8712463378906,203.49102783203125,68.59150695800781,251.6111602783203,487.70263671875,558.6560668945312,429.3076171875,70.10299682617188,115.95401763916016,161.76730346679688,281.0616149902344,54.199424743652344,108.81421661376953
2024-09-23,224.78494262695312,193.8800048828125,38.534080505371094,136.97293090820312,91.54742431640625,160.92076110839844,480.4022216796875,377.8958740234375,203.8284149169922,68.67767333984375,253.69064331054688,492.05767822265625,561.7013549804688,427.5717468261719,70.53700256347656,116.21392059326172,162.6461639404297,284.8713684082031,53.06324768066406,110.78715515136719
2024-09-24,225.67825317382812,193.9600067138672,38.12815475463867,136.88937377929688,92.25640869140625,161.3582305908203,480.9913024902344,386.28369140625,203.97303771972656,68.29469299316406,257.3177185058594,482.4271545410156,560.6266479492188,423.2912292480469,72.22599792480469,120.82209014892578,160.57656860351562,269.227783203125,52.148529052734375,110.4945297241211
2024-09-25,224.68569946289062,192.52999877929688,37.934852600097656,133.6586456298828,92.4828872680664,160.56283569335938,474.34661865234375,382.6875305175781,202.62344360351562,68.40959167480469,256.2828063964844,484.4462585449219,565.5826416015625,426.19091796875,72.15599822998047,123.4610366821289,160.0851593017578,266.1188049316406,51.61895751953125,108.34221649169922
2024-09-26,225.8271484375,191.16000366210938,38.195804595947266,131.82041931152344,93.74330139160156,161.7957000732422,479.928955078125,382.4657897949219,202.2281951904297,68.36170959472656,256.9017639160156,486.2476806640625,565.1150512695312,425.4018249511719,71.14299774169922,123.99082946777344,160.3592529296875,268.1519775390625,54.295711517333984,106.48255920410156
2024-09-27,226.09512329101562,187.97000122070312,38.07982635498047,135.06976318359375,94.5409164428711,163.0087127685547,481.4645690917969,385.1942443847656,202.9222869873047,68.73512268066406,258.38165283203125,488.5934753417969,564.6372680664062,422.15692138671875,70.73500061035156,121.35187530517578,160.6521759033203,271.586669921875,53.82391357421875,109.33340454101562
2024-09-30,231.26637268066406,186.3300018310547,38.35044479370117,136.7222900390625,94.71815490722656,164.89779663085938,478.1808166503906,390.6607971191406,203.26931762695312,68.8021469116211,261.969970703125,488.7518005371094,569.6929321289062,424.40570068359375,70.927001953125,121.39186096191406,160.69944763183594,271.36956787109375,54.39200210571289,110.6550064086914
2024-10-01,224.5269012451172,185.1300048828125,37.905860900878906,138.97824096679688,92.61090087890625,166.03125,473.4097900390625,394.3726501464844,199.58682250976562,68.65852355957031,263.7013244628906,491.30548095703125,573.7035522460938,414.9273681640625,70.61299896240234,116.95362091064453,161.95631408691406,273.98504638671875,53.33285140991211,113.21322631835938
2024-10-02,225.0926513671875,184.75999450683594,37.91551971435547,140.13870239257812,92.70936584472656,164.90774536132812,475.16748046875,396.50335693359375,199.8278350830078,67.98831176757812,262.9468688964844,490.5037536621094,570.0612182617188,411.4161376953125,71.10900115966797,118.8028793334961,160.22695922851562,273.392822265625,53.246185302734375,114.71417236328125
2024-10-03,223.99090576171875,181.9600067138672,37.934852600097656,140.41722106933594,92.19732666015625,164.90774536132812,469.4789123535156,396.8118896484375,197.8419952392578,67.51914978027344,261.3509216308594,489.90985107421875,579.9733276367188,410.8341979980469,70.68000030517578,122.80130004882812,159.2630157470703,273.2546691894531,52.938072204589844,115.7148208618164
2024-10-04,225.1125030517578,186.50999450683594,38.76604080200195,139.94374084472656,93.6940689086914,166.10086059570312,478.2291564941406,393.7074279785156,204.8641357421875,67.1840591430664,258.9813232421875,492.6119384765625,593.0802001953125,410.3608093261719,71.97000122070312,124.87047576904297,158.7338104248047,274.3107604980469,54.844539642333984,117.83879852294922
2024-10-07,220.04049682617188,180.8000030517578,38.621063232421875,140.29652404785156,90.9762954711914,162.0442657470703,477.70758056640625,393.4181823730469,204.5828399658203,66.07341766357422,259.7357177734375,486.2773742675781,581.9736938476562,403.93011474609375,70.19200134277344,127.66936492919922,158.01559448242188,270.2246398925781,55.03711700439453,118.34855651855469
2024-10-08,224.0901641845703,182.72000122070312,38.59206771850586,138.0962677001953,91.09446716308594,163.43624877929688,479.5909423828125,399.3185729980469,204.40826416015625,66.23619079589844,264.3106384277344,491.97845458984375,590.0447387695312,409.02923583984375,72.1760025024414,132.83731079101562,161.04908752441406,271.37939453125,55.17190933227539,115.20506286621094
2024-10-09,227.83212280273438,185.1699981689453,38.84335708618164,138.93179321289062,92.16778564453125,160.9307098388672,487.9065246582031,401.1407775878906,206.99794006347656,66.6095962524414,268.0924987792969,495.49688720703125,587.6761474609375,411.7415771484375,72.74299621582031,132.59739685058594,163.05250549316406,273.32373046875,55.40300369262695,115.25225067138672
2024-10-10,227.33583068847656,186.64999389648438,38.63072967529297,139.83233642578125,91.5671157836914,161.1494598388672,486.4964599609375,395.25,206.4353790283203,66.30321502685547,264.25262451171875,493.58404541015625,581.0281982421875,410.1437683105469,73.02899932861328,134.7565460205078,163.477783203125,273.856689453125,55.60519790649414,116.24344635009766
2024-10-11,225.85691833496094,188.82000732421875,40.54438781738281,140.57505798339844,92.6896743774414,162.30276489257812,498.6463317871094,397.1203918457031,215.60101318359375,66.6095962524414,266.718994140625,497.78631591796875,587.118896484375,410.6172180175781,72.27899932861328,134.74656677246094,165.1976776123047,274.221923828125,58.72486877441406,116.6871337890625
2024-10-14,229.5790252685547,187.5399932861328,40.5057258605957,140.9092559814453,93.5168228149414,164.01292419433594,504.8757019042969,400.51409912109375,214.81539916992188,67.3468246459961,271.526123046875,502.1471252441406,587.5864868164062,413.39862060546875,71.30000305175781,138.01527404785156,166.41676330566406,277.0248718261719,59.851409912109375,117.13080596923828
2024-10-15,232.11004638671875,187.69000244140625,40.72801971435547,137.14930725097656,92.77828979492188,164.51002502441406,504.5184326171875,400.6683654785156,215.697998046875,67.3468246459961,272.5899963378906,502.7120666503906,583.45654296875,413.0040283203125,70.5979995727539,131.54783630371094,166.22775268554688,275.6529846191406,60.68910217285156,113.60970306396484
2024-10-16,230.05543518066406,186.88999938964844,41.365901947021484,138.0776824951172,95.26958465576172,164.21176147460938,511.7427062988281,403.5896301269531,216.91038513183594,67.5670394897461,274.7371826171875,509.49114990234375,574.0220336914062,410.419921875,70.19999694824219,135.66619873046875,164.88583374023438,283.7758483886719,61.51716613769531,113.90234375
2024-10-17,230.4226837158203,187.52999877929688,41.17259979248047,140.37078857421875,95.06280517578125,161.99453735351562,510.9120178222656,400.6876525878906,217.66690063476562,66.92555236816406,272.0870361328125,509.18389892578125,574.161376953125,411.01171875,68.76499938964844,136.87570190429688,165.0653839111328,286.6084899902344,61.98896026611328,113.60970306396484
2024-10-18,233.25146484375,188.99000549316406,40.9019889831543,139.95301818847656,95.79147338867188,162.48175048828125,510.42913818359375,400.10919189453125,218.58834838867188,67.44256591796875,272.40625,511.7408752441406,573.7035522460938,412.4320373535156,76.38899993896484,137.94529724121094,165.43392944335938,286.8354797363281,61.96970748901367,113.28874206542969
2024-10-21,234.72047424316406,189.07000732421875,40.360748291015625,140.07373046875,95.1415786743164,163.12803649902344,500.09503173828125,391.8177490234375,216.28965759277344,66.49468994140625,267.7635803222656,510.4227600097656,572.3997802734375,413.0434875488281,77.20700073242188,143.6530303955078,165.38668823242188,283.1145935058594,61.642333984375,113.35484313964844
2024-10-22,234.10508728027344,189.6999969482422,40.88265609741211,140.11085510253906,95.25973510742188,164.19186401367188,500.5779113769531,387.4310302734375,217.37594604492188,66.49468994140625,263.2951354980469,508.450439453125,579.2169799804688,421.6539306640625,76.42400360107422,143.53309631347656,164.78189086914062,281.0814208984375,62.402992248535156,113.94009399414062
2024-10-23,229.0430145263672,184.7100067138672,40.92131805419922,139.70236206054688,94.76738739013672,161.8454132080078,499.5155029296875,385.3003234863281,216.6873321533203,65.115966796875,262.36260986328125,509.1541442871094,560.9848022460938,418.7837829589844,74.92900085449219,139.50466918945312,163.43997192382812,280.0648498535156,62.16228103637695,113.53418731689453
2024-10-24,228.85447692871094,186.3800048828125,41.22093200683594,139.6745147705078,93.94024658203125,161.78575134277344,506.56585693359375,388.2312316894531,218.21006774902344,64.4361801147461,263.57672119140625,506.07183837890625,565.0552368164062,418.9120178222656,75.45500183105469,140.35433959960938,162.6934356689453,279.5318603515625,62.999969482421875,112.89226531982422
2024-10-25,229.6881866455078,187.8300018310547,40.486392974853516,140.0087432861328,93.5759048461914,164.3211212158203,495.0727844238281,384.5965270996094,215.6204071044922,64.07235717773438,259.9635009765625,502.8408508300781,570.4990234375,422.2851257324219,75.46800231933594,141.48388671875,162.34375,278.06121826171875,62.133399963378906,112.79786682128906
2024-10-28,231.6633758544922,188.38999938964844,41.191932678222656,139.75804138183594,94.72799682617188,165.76278686523438,505.6773986816406,388.4337158203125,218.71441650390625,63.83298873901367,260.28399658203125,503.68328857421875,575.3853759765625,420.74652099609375,74.91200256347656,140.4643096923828,160.50099182128906,280.4892272949219,63.17328643798828,112.24092102050781
2024-10-29,231.93136596679688,190.8300018310547,41.10494613647461,137.8827362060547,94.65906524658203,168.70579528808594,506.3534851074219,380.894287109375,216.19264221191406,62.77022171020508,255.42739868164062,501.7704772949219,590.4329223632812,426.03314208984375,75.94400024414062,141.19400024414062,158.28965759277344,278.20928955078125,62.87479782104492,110.71163940429688
2024-10-30,228.387939453125,192.72999572753906,40.89232635498047,137.44639587402344,93.6251449584961,173.45835876464844,506.4693298339844,378.435791015625,217.65719604492188,63.11491394042969,253.89276123046875,509.1145324707031,588.9599609375,426.6051940917969,75.3740005493164,139.28475952148438,157.0706024169922,286.3814697265625,62.980716705322266,110.1546859741211
2024-10-31,224.22914123535156,186.39999389648438,40.41874313354492,138.16123962402344,94.72799682617188,170.12759399414062,500.0852966308594,379.6216735839844,215.24212646484375,62.53086853027344,254.32009887695312,495.1400451660156,564.856201171875,400.7837829589844,75.60299682617188,132.70738220214844,156.94775390625,286.07550048828125,62.508914947509766,110.2396469116211
2024-11-01,221.25143432617188,197.92999267578125,40.360748291015625,142.10687255859375,94.34396362304688,170.30654907226562,501.5920104980469,378.5032958984375,216.23147583007812,62.24363327026367,254.4269561767578,503.5544128417969,564.4382934570312,404.7487487792969,75.61000061035156,135.34632873535156,156.48468017578125,286.9538879394531,62.27782440185547,108.51213836669922
2024-11-04,220.35813903808594,195.77999877929688,39.945159912109375,142.94241333007812,94.32427215576172,168.26834106445312,493.9814758300781,381.3763427734375,213.16656494140625,62.339378356933594,257.3797607421875,501.07672119140625,557.9893188476562,402.8648681640625,75.5510025024414,135.99607849121094,157.19345092773438,288.0494689941406,61.33422088623047,111.9671630859375
2024-11-05,221.78741455078125,199.5,40.47673034667969,142.42250061035156,95.15142059326172,168.76547241210938,508.9418029785156,385.7341613769531,214.82508850097656,62.588314056396484,261.4592590332031,501.056884765625,569.6829223632812,405.82379150390625,76.39099884033203,139.8545379638672,158.62039184570312,289.470703125,61.69048309326172,112.29755401611328
2024-11-06,221.06285095214844,207.08999633789062,43.888450622558594,146.423828125,97.37684631347656,175.49658203125,575.601806640625,374.4346618652344,239.6256561279297,60.989376068115234,254.22299194335938,516.4881591796875,569.3047485351562,414.4243469238281,78.02100372314453,145.55227661132812,155.65306091308594,303.39697265625,69.77851104736328,114.22330474853516
2024-11-07,225.7874298095703,210.0500030517578,43.269893646240234,145.54185485839844,97.4162368774414,179.71224975585938,562.2640380859375,385.1074523925781,229.2670440673828,60.951080322265625,258.6618957519531,513.2672119140625,588.8604736328125,419.6024475097656,79.65399932861328,148.8209991455078,154.98211669921875,301.8177490234375,67.2269287109375,114.36490631103516
2024-11-08,225.51914978027344,208.17999267578125,43.61783218383789,145.69039916992188,97.50484466552734,177.32601928710938,569.1116333007812,391.335693359375,229.84896850585938,61.200016021728516,263.32421875,520.0859375,586.5118408203125,416.75201416015625,79.50399780273438,147.5714874267578,156.03106689453125,303.8608093261719,67.82733917236328,114.32714080810547
2024-11-11,222.8064727783203,206.83999633789062,44.53600311279297,145.2911834716797,99.31670379638672,179.31454467773438,581.744384765625,393.63995361328125,232.0894317626953,60.66384506225586,266.63641357421875,525.398193359375,580.371337890625,412.28411865234375,80.54399871826172,145.202392578125,155.22779846191406,306.8711242675781,70.2677230834961,113.72298431396484
2024-11-12,222.8064727783203,208.91000366210938,44.32337188720703,144.16786193847656,99.44470977783203,180.5772247314453,572.32763671875,388.6168518066406,232.35133361816406,60.51065444946289,262.15863037109375,524.4566040039062,582.0134887695312,417.23529052734375,81.94999694824219,148.231201171875,155.30340576171875,306.3964538574219,70.30646514892578,113.60970306396484
2024-11-13,223.6908416748047,214.10000610351562,44.33303451538086,147.35218811035156,101.14823150634766,177.8529815673828,573.9019775390625,395.47174072265625,233.9031982421875,60.31916046142578,264.5092468261719,517.2315673828125,577.216552734375,419.3755798339844,83.0469970703125,146.21200561523438,155.68141174316406,306.0306091308594,70.47108459472656,114.66697692871094
2024-11-14,226.7711639404297,211.47999572753906,44.362030029296875,150.21160888671875,107.45030975341797,174.57192993164062,568.48388671875,391.1622009277344,234.59181213378906,59.8883056640625,262.595703125,515.7647094726562,574.3902587890625,421.0424499511719,83.72599792480469,146.70181274414062,156.06887817382812,304.81427001953125,70.5001449584961,114.74311828613281
2024-11-15,223.57159423828125,202.61000061035156,45.183555603027344,149.8588104248047,113.3191146850586,171.49966430664062,573.2452392578125,393.53387451171875,237.92831420898438,59.1127815246582,261.6730041503906,517.241455078125,551.4210205078125,409.3153381347656,82.39600372314453,141.92372131347656,149.89794921875,306.18878173828125,71.99150085449219,113.55343627929688
2024-11-18,226.57241821289062,201.6999969482422,45.15455627441406,150.76853942871094,111.80267333984375,174.2935333251953,567.8849487304688,395.7127990722656,237.65673828125,59.22767639160156,263.9750061035156,516.9837646484375,551.739501953125,410.0649108886719,84.70500183105469,140.09442138671875,149.62388610839844,308.68072509765625,71.7493896484375,114.50518798828125
2024-11-19,226.8307647705078,204.61000061035156,44.854942321777344,149.68063354492188,110.69981384277344,177.09735107421875,561.5010375976562,392.203369140625,235.77508544921875,59.926605224609375,251.82382202148438,514.8331298828125,558.3973999023438,412.06707763671875,87.13200378417969,146.95172119140625,148.10240173339844,308.3741760253906,71.1102523803711,112.90624237060547
2024-11-20,227.54617309570312,202.8800048828125,44.516666412353516,151.3031005859375,112.51165771484375,174.96961975097656,562.0322265625,385.64739990234375,233.5346221923828,60.30958938598633,255.48568725585938,507.97467041015625,562.80615234375,409.7985534667969,88.38500213623047,145.83216857910156,150.0113525390625,303.9638977050781,71.2555160522461,114.51469421386719
2024-11-21,227.06924438476562,198.3800048828125,44.90327072143555,151.58447265625,112.96461486816406,166.66758728027344,575.7273559570312,395.722412109375,237.39486694335938,61.046817779541016,257.61285400390625,510.5118713378906,560.3878173828125,408.029541015625,89.74800109863281,146.6118621826172,151.5233612060547,306.4459228515625,72.46601867675781,116.0470199584961
2024-11-22,228.41067504882812,197.1199951171875,45.42517852783203,152.2690887451172,113.8803939819336,163.81402587890625,582.1693725585938,404.92974853515625,241.07080078125,61.200016021728516,257.08837890625,516.2205810546875,556.456787109375,412.1111145019531,89.77899932861328,141.8937225341797,153.0920867919922,306.4656982421875,73.5603256225586,115.91377258300781
2024-11-25,231.39161682128906,201.4499969482422,45.90842056274414,150.39337158203125,114.22502899169922,166.6874542236328,582.4107666015625,413.2886657714844,242.75845336914062,61.640438079833984,267.4231872558594,521.909423828125,562.3980712890625,413.8802185058594,86.55899810791016,135.96609497070312,154.08433532714844,309.6992492675781,74.47062683105469,114.18160247802734
2024-11-26,233.56771850585938,207.86000061035156,46.15004348754883,152.4285125732422,113.6834487915039,168.1490020751953,584.7963256835938,414.108154296875,242.44808959960938,61.80320739746094,266.5975646972656,523.7727661132812,570.78759765625,422.9722900390625,87.26000213623047,136.86573791503906,153.24327087402344,308.3445129394531,74.90641021728516,112.27808380126953
2024-11-27,233.4385528564453,205.74000549316406,46.169376373291016,152.03463745117188,115.80054473876953,168.25839233398438,584.7286987304688,414.0306396484375,242.27349853515625,61.68830871582031,265.3542785644531,527.6380004882812,566.468505859375,418.0309143066406,87.73400115966797,135.2863311767578,153.7725067138672,311.1924133300781,74.77083587646484,111.98304748535156
2024-11-29,235.8233184814453,207.88999938964844,45.91808319091797,151.8657989501953,115.67253875732422,167.97999572753906,587.7614135742188,415.9108581542969,242.2056121826172,61.818546295166016,264.6160888671875,528.1929931640625,571.56396484375,418.4953918457031,88.68099975585938,138.19520568847656,154.46234130859375,311.5682067871094,73.76368713378906,112.26856231689453
2024-12-02,238.06895446777344,210.7100067138672,45.463836669921875,152.12841796875,115.3672866821289,170.5054168701172,584.0149536132812,413.8077087402344,238.84002685546875,61.40372085571289,264.2469482421875,526.6270141601562,589.9850463867188,425.92724609375,89.77400207519531,138.5750274658203,154.08433532714844,313.1206970214844,72.90180206298828,112.16387176513672
2024-12-03,241.10951232910156,213.44000244140625,45.25120544433594,151.8564453125,114.66814422607422,170.3562469482422,584.3740234375,416.12408447265625,237.45306396484375,61.2783088684082,266.51983642578125,521.4932861328125,610.705078125,426.1446838378906,90.21700286865234,140.20440673828125,152.80857849121094,309.521240234375,71.79781341552734,111.99256134033203
2024-12-04,241.46725463867188,218.16000366210938,44.8162841796875,148.4801788330078,115.19987487792969,173.36886596679688,581.1031494140625,414.7381896972656,236.07579040527344,60.01454162597656,264.4606628417969,516.4981689453125,610.8345336914062,432.291748046875,91.10600280761719,145.0824737548828,151.3721466064453,306.4459228515625,70.75192260742188,108.76612091064453
2024-12-05,241.49705505371094,220.5500030517578,45.42517852783203,149.4274139404297,114.71737670898438,171.64881896972656,579.249267578125,413.4006652832031,238.09320068359375,60.69948959350586,262.3237609863281,520.0958251953125,606.0077514648438,437.4308166503906,91.78700256347656,145.0124969482422,151.66513061523438,305.6350402832031,71.3329849243164,109.24199676513672
2024-12-06,241.29832458496094,227.02999877929688,45.43489074707031,145.5915985107422,114.94386291503906,173.70692443847656,582.0445556640625,418.0818786621094,239.91664123535156,60.323246002197266,265.5873718261719,523.8619384765625,620.776611328125,438.36968994140625,93.4739990234375,142.39334106445312,150.38323974609375,307.54351806640625,71.9818115234375,108.09037017822266
2024-12-09,245.18350219726562,226.08999633789062,44.618526458740234,147.3172607421875,112.8563003540039,174.56298828125,576.6480102539062,415.9593200683594,236.47344970703125,60.39077377319336,266.2867736816406,518.1632080078125,610.62548828125,440.7909240722656,91.36900329589844,138.7645263671875,151.98439025878906,304.86376953125,70.32583618164062,107.45271301269531
2024-12-10,246.19703674316406,225.0399932861328,44.4630241394043,147.24220275878906,112.97447204589844,184.31787109375,567.825439453125,409.5722961425781,235.5520477294922,60.68983459472656,262.36260986328125,524.2980346679688,616.3479614257812,438.1324768066406,91.33499908447266,135.0257568359375,152.3369903564453,308.89825439453125,69.77384185791016,107.23380279541016
2024-12-11,244.92514038085938,230.25999450683594,44.78374099731445,146.50131225585938,112.8563003540039,194.50079345703125,575.1339721679688,408.39959716796875,236.20187377929688,60.429359436035156,260.21600341796875,529.6895751953125,629.6436767578125,443.7261047363281,93.65599822998047,139.2643585205078,149.4111328125,310.2925720214844,69.33805847167969,106.51998138427734
2024-12-12,246.38583374023438,228.97000122070312,44.78374099731445,145.0945587158203,113.14186096191406,191.0766143798828,574.2118530273438,401.65399169921875,234.2620391845703,61.587013244628906,255.94219970703125,527.667724609375,627.7628784179688,444.2894287109375,92.55500030517578,137.29501342773438,151.44113159179688,310.7276611328125,68.5633316040039,106.42481994628906
2024-12-13,246.55474853515625,227.4600067138672,44.38526916503906,144.3067626953125,111.60572814941406,188.9464874267578,568.2621459960938,404.1351623535156,232.7198944091797,60.892425537109375,254.86407470703125,524.2880859375,617.3729248046875,442.0262451171875,91.88700103759766,134.20602416992188,150.55479431152344,311.2319641113281,68.21471405029297,105.4920883178711
2024-12-16,249.44625854492188,232.92999267578125,44.19090270996094,140.07705688476562,110.88372039794922,195.75498962402344,569.0872192382812,398.0582580566406,232.3707275390625,60.3425407409668,252.6397247314453,525.58642578125,621.7454223632812,446.295654296875,92.10800170898438,131.9567413330078,148.69635009765625,312.369140625,69.7060546875,103.23644256591797
2024-12-17,251.87078857421875,231.14999389648438,43.782718658447266,138.90475463867188,111.78376007080078,194.52069091796875,557.7797241210938,395.8872985839844,231.18743896484375,61.16254425048828,250.35714721679688,526.2802124023438,616.964599609375,449.1319885253906,91.91300201416016,130.3472900390625,148.81069946289062,314.75225830078125,68.57300567626953,102.79865264892578
2024-12-18,246.47525024414062,220.52000427246094,42.27631759643555,135.12521362304688,110.13202667236328,187.53298950195312,534.0682373046875,381.6886291503906,223.4378662109375,60.63195037841797,242.64488220214844,515.3286743164062,594.8035278320312,432.2621154785156,88.95500183105469,128.86778259277344,147.18093872070312,306.3272399902344,66.58777618408203,101.28534698486328
2024-12-19,248.20419311523438,223.2899932861328,42.15969467163086,132.3773193359375,110.15181732177734,187.6425018310547,537.6981811523438,373.1596374511719,225.949951171875,60.24606704711914,237.506591796875,518.619140625,593.1900024414062,431.90631103515625,90.2040023803711,130.63717651367188,144.35989379882812,311.370361328125,66.6749267578125,100.41926574707031
2024-12-20,252.87437438964844,224.9199981689453,42.927467346191406,133.97166442871094,110.8045883178711,190.52915954589844,549.4520874023438,380.5061950683594,230.4503173828125,60.3425407409668,240.61480712890625,523.3267822265625,582.9111938476562,431.48138427734375,90.90499877929688,134.65586853027344,145.61793518066406,314.1688232421875,68.11785888671875,100.76189422607422
2024-12-23,253.6494140625,225.05999755859375,42.65534591674805,134.08421325683594,110.18148803710938,193.7343292236328,553.9944458007812,380.36077880859375,231.21653747558594,60.17854309082031,240.27484130859375,524.2484741210938,597.452880859375,430.147216796875,91.1449966430664,139.62423706054688,144.1883544921875,313.684326171875,68.3115463256836,101.17115020751953
2024-12-24,256.5608215332031,229.0500030517578,43.131561279296875,134.90013122558594,111.32878875732422,195.20751953125,565.6512451171875,383.9371032714844,235.01858520507812,60.62230682373047,243.04310607910156,530.9383544921875,605.3212890625,434.1793212890625,93.21199798583984,140.174072265625,145.6370086669922,317.0760803222656,69.32837677001953,101.26631927490234
2024-12-26,257.3755798339844,227.0500030517578,43.296783447265625,135.03143310546875,111.31890869140625,194.69989013671875,564.1370849609375,382.9679260253906,235.82362365722656,60.361839294433594,242.27577209472656,531.3744506835938,600.9388427734375,432.9736633300781,92.41400146484375,139.88417053222656,145.2843780517578,317.3332214355469,69.49301147460938,101.35198211669922
2024-12-27,253.96739196777344,223.75,43.09268569946289,135.05020141601562,110.32984924316406,191.8729248046875,559.2356567382812,380.7581787109375,233.9128875732422,60.24606704711914,241.21702575683594,527.4595947265625,597.4130859375,425.48248291015625,90.75499725341797,136.96511840820312,145.7132568359375,315.10821533203125,68.86353302001953,101.34246063232422
2024-12-30,250.5989227294922,221.3000030517578,42.674781799316406,134.17799377441406,109.58805084228516,190.3599395751953,556.6829223632812,377.43377685546875,232.1185760498047,59.84089279174805,239.65321350097656,520.868896484375,588.8772583007812,419.849365234375,90.04299926757812,137.4449462890625,144.59817504882812,311.7956237792969,68.18565368652344,100.6572036743164
2024-12-31,248.8302001953125,219.38999938964844,42.71365737915039,135.8379669189453,110.13202667236328,188.42884826660156,555.7802734375,377.0073547363281,232.49684143066406,60.06277084350586,239.72119140625,521.8796997070312,583.170166015625,416.55841064453125,89.13200378417969,134.2460174560547,144.92221069335938,312.5174865722656,68.02102661132812,102.37986755371094
